account_id,customer_id,product_id,balance_myr,open_date,status
A000001,C00001,P01,14752.25,2022-03-12,Active
A000002,C00002,P01,47645.4,2023-06-06,Active
A000003,C00003,P01,44657.03,2014-04-28,Active
A000004,C00004,P01,30179.84,2022-11-28,Active
A000005,C00005,P01,50274.21,2026-01-10,Active
A000006,C00005,P10,-4164.06,2022-12-14,Active
A000007,C00006,P01,47515.64,2026-06-21,Active
A000008,C00006,P02,40540.52,2026-08-19,Active
A000009,C00007,P01,45932.13,2024-09-23,Active
A000010,C00008,P03,26517.95,2015-03-24,Active
A000011,C00008,P01,38234.62,2022-12-09,Active
A000012,C00008,P06,-38854.92,2026-05-19,Active
A000013,C00008,P04,-21856.89,2015-10-25,Active
A000014,C00009,P04,-23692.33,2026-03-04,Active
A000015,C00009,P01,43885.72,2026-10-07,Dormant
A000016,C00009,P02,137974.4,2026-09-01,Active
A000017,C00009,P10,-1318.29,2026-10-23,Active
A000018,C00010,P01,22699.05,2022-04-07,Active
A000019,C00010,P10,-12714.69,2023-02-23,Active
A000020,C00011,P04,-12998.47,2015-07-07,Active
A000021,C00011,P01,38743.32,2025-06-10,Active
A000022,C00011,P10,-1058.84,2026-11-12,Dormant
A000023,C00012,P04,-11264.98,2019-05-06,Active
A000024,C00012,P01,4181.56,2020-04-26,Active
A000025,C00013,P01,69998.51,2019-10-14,Active
A000026,C00014,P06,-32001.48,2023-07-09,Active
A000027,C00014,P01,34593.08,2021-06-20,Active
A000028,C00014,P02,89593.65,2025-04-29,Active
A000029,C00015,P01,44205.11,2026-01-28,Active
A000030,C00015,P10,-347.27,2020-06-06,Active
A000031,C00015,P05,-265617.19,2023-04-16,Active
A000032,C00016,P01,1776.75,2016-04-01,Active
A000033,C00016,P06,-94326.34,2025-09-01,Active
A000034,C00016,P05,-229190.68,2026-12-04,Active
A000035,C00016,P10,-14014.55,2013-08-27,Dormant
A000036,C00017,P01,13519.79,2024-07-28,Active
A000037,C00018,P01,14550.43,2026-04-20,Active
A000038,C00019,P01,2795.17,2025-08-02,Active
A000039,C00019,P06,-42068.2,2026-06-18,Active
A000040,C00019,P10,-11731.74,2026-08-27,Active
A000041,C00020,P01,26422.79,2026-02-12,Active
A000042,C00020,P06,-72489.86,2026-01-14,Active
A000043,C00021,P01,21164.87,2020-01-06,Active
A000044,C00022,P01,27866.7,2022-08-19,Active
A000045,C00022,P06,-88640.01,2020-04-11,Active
A000046,C00023,P01,13320.36,2017-07-26,Active
A000047,C00024,P01,15868.53,2016-03-29,Active
A000048,C00024,P05,-211865.46,2015-03-10,Active
A000049,C00024,P11,20607.43,2018-02-06,Active
A000050,C00025,P01,925.39,2026-06-13,Active
A000051,C00026,P04,-15622.99,2025-03-26,Active
A000052,C00026,P01,22360.16,2019-02-28,Active
A000053,C00027,P03,23725.28,2025-05-29,Active
A000054,C00027,P01,14750.2,2018-10-07,Active
A000055,C00028,P01,36816.67,2015-02-05,Dormant
A000056,C00029,P04,-14099.55,2020-02-08,Active
A000057,C00029,P01,49765.28,2017-05-15,Dormant
A000058,C00030,P03,17722.47,2024-12-23,Active
A000059,C00030,P01,32319.43,2023-09-06,Active
A000060,C00031,P03,55944.59,2026-01-22,Active
A000061,C00031,P01,13345.8,2026-07-08,Active
A000062,C00031,P10,-13902.09,2026-04-28,Active
A000063,C00032,P01,10982.16,2021-05-09,Active
A000064,C00033,P03,32840.54,2026-06-17,Active
A000065,C00034,P01,16715.13,2021-03-19,Active
A000066,C00035,P01,28115.56,2022-11-19,Active
A000067,C00036,P01,17684.83,2026-03-14,Active
A000068,C00036,P05,-269158.02,2018-11-24,Active
A000069,C00037,P03,32084.43,2020-11-13,Dormant
A000070,C00037,P01,36703.98,2023-12-21,Active
A000071,C00037,P06,-108704.0,2022-01-22,Active
A000072,C00038,P03,42131.01,2023-01-29,Active
A000073,C00038,P01,12627.85,2025-02-07,Active
A000074,C00038,P02,153616.14,2023-06-30,Active
A000075,C00038,P05,-194426.53,2024-03-25,Active
A000076,C00039,P01,22252.97,2017-06-07,Active
A000077,C00040,P06,-74083.62,2025-01-08,Active
A000078,C00041,P01,24434.07,2025-12-11,Active
A000079,C00041,P10,-1513.54,2016-06-10,Active
A000080,C00042,P04,-28122.79,2025-04-11,Active
A000081,C00042,P01,1105.83,2023-12-16,Active
A000082,C00043,P03,26542.17,2026-10-18,Active
A000083,C00043,P01,6158.06,2026-04-01,Active
A000084,C00043,P04,-15494.01,2026-10-15,Closed
A000085,C00044,P01,29288.29,2015-07-14,Active
A000086,C00045,P01,34588.54,2026-01-07,Active
A000087,C00046,P01,10389.19,2023-06-13,Active
A000088,C00046,P05,-260272.29,2024-02-15,Active
A000089,C00047,P01,27275.74,2026-02-16,Active
A000090,C00048,P01,68941.55,2023-09-25,Active
A000091,C00048,P02,91682.52,2025-07-01,Active
A000092,C00049,P03,12385.37,2026-10-31,Active
A000093,C00049,P01,9314.06,2020-11-30,Active
A000094,C00050,P01,17867.37,2019-06-07,Active
A000095,C00050,P02,143796.87,2026-09-09,Active
A000096,C00051,P01,13610.85,2020-12-19,Active
A000097,C00052,P01,26007.55,2023-03-20,Dormant
A000098,C00053,P01,10246.35,2026-04-21,Active
A000099,C00054,P01,41079.11,2025-08-07,Active
A000100,C00055,P01,51942.85,2026-09-29,Active
A000101,C00055,P10,-13066.1,2026-08-09,Active
A000102,C00056,P04,-22672.11,2026-11-08,Active
A000103,C00056,P01,22969.38,2025-07-20,Active
A000104,C00057,P03,41716.29,2024-08-04,Active
A000105,C00057,P01,23275.98,2025-08-15,Active
A000106,C00057,P04,-22925.01,2024-11-30,Active
A000107,C00058,P01,33315.51,2025-06-08,Active
A000108,C00059,P01,23260.58,2023-03-01,Active
A000109,C00060,P04,-28678.27,2026-01-20,Active
A000110,C00060,P01,19808.62,2023-08-17,Active
A000111,C00060,P02,108316.6,2022-01-29,Active
A000112,C00061,P04,-22693.03,2026-03-04,Active
A000113,C00061,P01,22436.29,2022-03-16,Active
A000114,C00062,P01,9370.01,2026-07-21,Active
A000115,C00062,P05,-148222.43,2026-04-26,Active
A000116,C00063,P03,39714.33,2022-09-22,Active
A000117,C00063,P01,30026.09,2024-10-12,Dormant
A000118,C00064,P03,31408.5,2020-09-28,Dormant
A000119,C00064,P01,25852.78,2026-09-26,Active
A000120,C00065,P04,-9200.36,2014-11-10,Dormant
A000121,C00065,P01,12956.07,2018-04-29,Active
A000122,C00066,P03,23525.56,2022-12-14,Active
A000123,C00066,P01,15359.08,2019-04-08,Dormant
A000124,C00067,P03,54793.87,2026-11-06,Active
A000125,C00067,P01,21865.33,2026-12-22,Active
A000126,C00067,P02,216597.94,2026-10-28,Active
A000127,C00068,P01,23468.69,2026-04-02,Active
A000128,C00068,P05,-226511.62,2018-06-12,Active
A000129,C00069,P01,28629.13,2024-06-23,Active
A000130,C00070,P01,9872.09,2024-02-16,Active
A000131,C00070,P05,-113836.61,2025-08-27,Active
A000132,C00071,P04,-13033.92,2026-05-30,Active
A000133,C00071,P01,3624.32,2024-12-07,Active
A000134,C00071,P06,-93087.41,2025-01-24,Active
A000135,C00072,P04,-27886.09,2025-03-06,Active
A000136,C00072,P01,16572.7,2023-02-03,Active
A000137,C00073,P01,45010.93,2025-06-09,Active
A000138,C00073,P02,38589.41,2015-11-01,Active
A000139,C00073,P10,-5477.11,2013-05-11,Active
A000140,C00074,P01,38662.44,2021-03-19,Active
A000141,C00074,P02,55509.96,2021-11-02,Active
A000142,C00074,P10,-6994.62,2018-02-11,Active
A000143,C00075,P03,67153.18,2026-12-01,Closed
A000144,C00075,P01,56536.47,2026-05-22,Active
A000145,C00075,P04,-11101.86,2026-04-30,Active
A000146,C00076,P01,36755.61,2013-04-25,Active
A000147,C00077,P04,-26378.35,2021-11-17,Closed
A000148,C00077,P01,38258.24,2018-04-08,Active
A000149,C00078,P01,17932.51,2026-06-19,Dormant
A000150,C00079,P04,-24621.72,2025-12-08,Active
A000151,C00079,P01,30683.74,2025-06-08,Active
A000152,C00079,P11,1379.13,2024-01-30,Dormant
A000153,C00080,P03,7848.68,2018-06-13,Active
A000154,C00080,P01,10113.96,2026-02-07,Dormant
A000155,C00081,P01,14964.51,2023-04-10,Active
A000156,C00082,P04,-6270.72,2017-12-29,Active
A000157,C00082,P01,7635.21,2019-01-14,Active
A000158,C00082,P02,23074.71,2017-10-09,Active
A000159,C00083,P04,-23521.07,2019-01-02,Active
A000160,C00083,P01,42373.98,2021-06-27,Active
A000161,C00083,P10,-9110.98,2019-06-26,Active
A000162,C00083,P11,63995.55,2025-12-02,Active
A000163,C00084,P03,15442.73,2014-06-04,Active
A000164,C00084,P01,26620.47,2018-07-29,Active
A000165,C00084,P06,-57021.4,2017-04-29,Closed
A000166,C00084,P04,-26362.34,2023-05-30,Active
A000167,C00084,P02,63687.62,2018-04-13,Active
A000168,C00085,P01,10821.71,2026-07-08,Active
A000169,C00085,P06,-49886.0,2026-12-15,Active
A000170,C00086,P01,18935.7,2025-12-24,Dormant
A000171,C00086,P10,-3134.69,2026-09-26,Active
A000172,C00087,P04,-28142.04,2022-06-24,Active
A000173,C00087,P01,2224.89,2022-01-18,Active
A000174,C00087,P10,-9910.96,2025-10-19,Active
A000175,C00087,P05,-194661.16,2025-10-25,Active
A000176,C00088,P01,33843.88,2015-09-14,Active
A000177,C00089,P01,31924.52,2026-05-11,Active
A000178,C00090,P01,20672.99,2017-08-25,Closed
A000179,C00091,P01,55097.11,2022-11-01,Active
A000180,C00092,P01,1328.55,2024-10-31,Active
A000181,C00093,P03,43391.82,2022-05-18,Active
A000182,C00093,P01,32866.92,2021-04-02,Active
A000183,C00094,P01,9372.12,2024-09-09,Active
A000184,C00096,P01,400.69,2022-02-24,Active
A000185,C00096,P02,33376.85,2022-08-14,Active
A000186,C00097,P01,5679.59,2020-09-06,Active
A000187,C00098,P01,15794.34,2024-01-12,Dormant
A000188,C00098,P10,-9984.36,2025-10-18,Active
A000189,C00099,P01,39215.07,2024-08-28,Active
A000190,C00100,P01,22059.74,2025-12-06,Active
A000191,C00100,P02,89053.26,2026-04-05,Active
A000192,C00101,P01,9507.88,2021-01-20,Active
A000193,C00101,P06,-53422.09,2023-09-26,Active
A000194,C00102,P01,20470.12,2021-06-20,Active
A000195,C00103,P03,35755.59,2026-08-28,Active
A000196,C00103,P01,15772.69,2026-01-23,Active
A000197,C00103,P06,-94134.3,2025-08-21,Active
A000198,C00104,P03,21535.05,2025-06-29,Active
A000199,C00104,P01,25953.36,2023-04-18,Active
A000200,C00104,P04,-28950.03,2024-12-16,Active
A000201,C00105,P01,5907.43,2025-08-27,Active
A000202,C00105,P05,-213081.54,2014-01-06,Active
A000203,C00106,P01,46602.41,2024-10-13,Active
A000204,C00106,P06,-92109.86,2026-10-21,Active
A000205,C00107,P01,9711.39,2025-10-26,Active
A000206,C00107,P05,-107354.97,2017-12-04,Active
A000207,C00108,P03,77168.03,2026-04-14,Active
A000208,C00108,P01,15675.55,2025-01-06,Active
A000209,C00109,P01,16653.32,2020-09-10,Active
A000210,C00110,P01,42428.36,2017-02-08,Active
A000211,C00111,P01,54615.13,2020-02-22,Active
A000212,C00112,P03,46311.25,2025-01-07,Active
A000213,C00112,P01,44777.09,2026-06-03,Active
A000214,C00112,P06,-78126.68,2024-12-14,Active
A000215,C00113,P01,48975.68,2026-03-08,Dormant
A000216,C00114,P01,39863.38,2015-09-11,Active
A000217,C00114,P06,-66796.95,2022-01-28,Active
A000218,C00115,P01,36680.95,2014-10-16,Active
A000219,C00116,P01,34368.46,2025-04-24,Active
A000220,C00117,P01,22504.23,2022-01-29,Dormant
A000221,C00118,P01,39799.74,2021-04-14,Active
A000222,C00118,P10,-1152.67,2019-01-30,Active
A000223,C00119,P01,33784.63,2016-03-01,Active
A000224,C00120,P01,23015.8,2025-01-09,Active
A000225,C00121,P01,9774.45,2015-12-05,Active
A000226,C00122,P03,4783.93,2026-07-13,Active
A000227,C00122,P01,28216.06,2026-02-16,Active
A000228,C00122,P06,-35914.15,2026-01-03,Active
A000229,C00122,P10,-6482.15,2026-08-01,Active
A000230,C00122,P02,178408.47,2026-06-09,Active
A000231,C00123,P01,6308.79,2016-02-17,Active
A000232,C00124,P01,78922.11,2022-12-10,Active
A000233,C00124,P05,-233791.54,2019-05-16,Active
A000234,C00124,P11,52720.43,2019-03-23,Active
A000235,C00125,P01,24278.8,2018-05-08,Active
A000236,C00126,P01,16381.13,2025-07-04,Active
A000237,C00127,P03,29125.0,2024-05-06,Active
A000238,C00127,P01,35052.08,2023-04-03,Active
A000239,C00128,P03,42445.15,2024-07-08,Active
A000240,C00128,P01,32163.34,2013-08-16,Active
A000241,C00129,P01,33106.3,2025-07-07,Active
A000242,C00130,P04,-12591.55,2025-07-24,Active
A000243,C00130,P01,16831.2,2025-04-15,Active
A000244,C00131,P01,38611.38,2025-03-26,Active
A000245,C00132,P03,24201.65,2023-03-22,Active
A000246,C00132,P01,4243.24,2025-12-06,Active
A000247,C00133,P01,36464.48,2022-06-11,Active
A000248,C00134,P01,36568.2,2025-10-31,Active
A000249,C00134,P06,-38539.6,2026-08-13,Active
A000250,C00135,P01,15791.12,2026-08-06,Active
A000251,C00136,P01,50291.4,2026-07-06,Dormant
A000252,C00137,P03,29863.1,2023-08-05,Dormant
A000253,C00138,P01,48161.27,2026-11-28,Active
A000254,C00138,P10,-13891.37,2023-04-17,Active
A000255,C00139,P01,25324.39,2025-06-29,Active
A000256,C00139,P06,-87841.2,2025-11-03,Active
A000257,C00139,P10,-957.41,2025-12-06,Active
A000258,C00140,P04,-24529.72,2019-09-12,Active
A000259,C00140,P01,16892.63,2016-11-14,Active
A000260,C00140,P05,-170290.49,2026-07-28,Active
A000261,C00141,P03,12885.38,2025-08-06,Active
A000262,C00141,P01,24814.62,2026-07-22,Active
A000263,C00142,P01,36543.14,2026-09-17,Active
A000264,C00143,P01,60653.08,2022-10-26,Active
A000265,C00144,P03,32244.09,2026-03-02,Active
A000266,C00144,P01,7842.09,2026-11-10,Active
A000267,C00145,P03,3454.61,2016-03-16,Active
A000268,C00145,P10,-2479.85,2019-12-15,Active
A000269,C00146,P01,9549.72,2022-03-17,Active
A000270,C00146,P06,-109903.16,2024-05-24,Active
A000271,C00147,P04,-19606.67,2019-03-25,Closed
A000272,C00147,P01,9696.2,2021-04-26,Active
A000273,C00148,P06,-117037.4,2026-09-29,Dormant
A000274,C00149,P01,24632.55,2023-10-22,Active
A000275,C00149,P05,-239351.25,2022-11-16,Active
A000276,C00150,P01,15620.71,2026-11-19,Active
A000277,C00150,P11,22696.19,2026-08-29,Active
A000278,C00151,P03,56868.85,2023-03-31,Dormant
A000279,C00151,P01,3116.9,2020-02-29,Active
A000280,C00151,P06,-98269.97,2020-05-19,Active
A000281,C00152,P04,-13331.27,2015-10-06,Dormant
A000282,C00152,P01,7732.73,2026-07-14,Active
A000283,C00152,P10,-2225.06,2016-06-08,Active
A000284,C00153,P01,28645.75,2024-03-02,Active
A000285,C00154,P01,13623.08,2025-09-27,Active
A000286,C00155,P02,6316.26,2026-06-20,Active
A000287,C00156,P03,37049.99,2020-05-05,Dormant
A000288,C00156,P01,46471.36,2021-03-31,Active
A000289,C00157,P03,29409.7,2024-08-30,Active
A000290,C00157,P01,37343.47,2023-07-18,Active
A000291,C00158,P01,43376.95,2019-07-14,Active
A000292,C00159,P01,25631.45,2026-01-12,Active
A000293,C00159,P02,129383.04,2026-03-30,Active
A000294,C00160,P03,11044.35,2024-07-16,Active
A000295,C00160,P01,27039.5,2023-01-01,Active
A000296,C00161,P01,1248.89,2024-04-02,Active
A000297,C00162,P01,6756.06,2025-07-17,Active
A000298,C00162,P06,-60612.28,2026-07-05,Active
A000299,C00163,P06,-79955.42,2026-10-28,Active
A000300,C00163,P01,27418.72,2023-07-11,Active
A000301,C00163,P02,22539.53,2022-02-09,Active
A000302,C00163,P10,-10215.12,2022-06-08,Active
A000303,C00164,P01,36604.34,2023-10-20,Dormant
A000304,C00165,P01,11300.37,2021-01-20,Active
A000305,C00165,P06,-36375.15,2026-09-17,Dormant
A000306,C00166,P01,36050.23,2024-08-03,Active
A000307,C00167,P04,-16744.21,2025-07-21,Active
A000308,C00167,P01,40189.59,2024-02-12,Dormant
A000309,C00168,P01,42894.89,2021-07-30,Active
A000310,C00169,P03,6413.16,2023-06-06,Active
A000311,C00169,P01,46898.1,2026-07-12,Active
A000312,C00170,P01,44288.38,2026-07-05,Dormant
A000313,C00170,P02,26897.97,2026-08-07,Active
A000314,C00171,P03,20186.38,2018-04-16,Active
A000315,C00171,P01,21259.18,2026-03-23,Active
A000316,C00172,P04,-18807.66,2026-04-17,Active
A000317,C00172,P01,35561.39,2022-04-23,Active
A000318,C00173,P01,26614.57,2023-10-24,Active
A000319,C00173,P05,-252491.0,2021-06-29,Active
A000320,C00173,P11,22045.98,2016-10-27,Dormant
A000321,C00174,P04,-20930.88,2019-09-30,Active
A000322,C00174,P01,34467.02,2025-08-29,Active
A000323,C00175,P03,30562.16,2026-10-12,Active
A000324,C00175,P01,5619.03,2025-09-05,Active
A000325,C00176,P01,32065.27,2020-12-16,Active
A000326,C00177,P01,45803.24,2020-12-13,Active
A000327,C00177,P02,72921.98,2014-12-17,Active
A000328,C00178,P03,3346.5,2024-02-21,Active
A000329,C00178,P01,635.45,2025-03-20,Dormant
A000330,C00178,P02,14269.06,2026-02-04,Active
A000331,C00178,P10,-13609.57,2025-12-19,Active
A000332,C00179,P03,21173.19,2026-10-27,Active
A000333,C00179,P01,30334.46,2026-07-31,Active
A000334,C00180,P04,-18161.63,2020-03-08,Active
A000335,C00180,P01,18579.31,2022-07-16,Active
A000336,C00181,P03,58061.59,2024-03-14,Active
A000337,C00181,P01,76636.88,2013-01-07,Active
A000338,C00181,P10,-8265.93,2019-02-06,Active
A000339,C00181,P02,85744.26,2024-04-29,Dormant
A000340,C00181,P11,16272.75,2012-03-06,Active
A000341,C00182,P06,-100012.78,2019-11-17,Active
A000342,C00182,P01,20626.94,2017-07-13,Active
A000343,C00182,P02,7893.96,2021-06-20,Active
A000344,C00184,P01,45557.64,2026-11-13,Active
A000345,C00185,P01,43511.42,2022-05-16,Active
A000346,C00185,P10,-8842.72,2022-01-04,Closed
A000347,C00185,P05,-152607.66,2026-04-14,Active
A000348,C00185,P11,55512.4,2021-08-03,Active
A000349,C00186,P03,35955.11,2018-01-12,Active
A000350,C00186,P01,22334.98,2019-06-06,Active
A000351,C00186,P06,-70834.47,2016-02-15,Active
A000352,C00186,P10,-8369.79,2019-11-06,Active
A000353,C00186,P02,112975.89,2024-07-14,Active
A000354,C00187,P01,17371.17,2019-04-15,Active
A000355,C00188,P04,-5713.09,2018-12-30,Active
A000356,C00188,P01,29076.39,2026-03-11,Active
A000357,C00189,P04,-8151.83,2017-11-15,Active
A000358,C00189,P01,27128.41,2014-06-04,Active
A000359,C00190,P03,32571.27,2026-02-23,Active
A000360,C00190,P01,42251.7,2026-11-25,Active
A000361,C00190,P02,27855.21,2026-11-28,Active
A000362,C00190,P10,-2663.06,2026-09-16,Active
A000363,C00191,P04,-9819.69,2026-02-04,Active
A000364,C00191,P01,6624.2,2024-09-07,Active
A000365,C00192,P01,39149.63,2016-04-22,Dormant
A000366,C00193,P03,40917.72,2026-10-20,Active
A000367,C00194,P03,4673.94,2022-02-03,Active
A000368,C00194,P01,27887.73,2026-08-14,Dormant
A000369,C00194,P05,-65842.93,2025-06-16,Active
A000370,C00195,P03,26867.17,2026-05-15,Active
A000371,C00195,P01,31004.58,2024-12-24,Active
A000372,C00195,P10,-1338.34,2025-02-19,Active
A000373,C00196,P04,-14540.06,2024-12-05,Active
A000374,C00196,P01,37052.25,2025-01-27,Active
A000375,C00197,P01,3701.88,2022-02-01,Active
A000376,C00198,P01,10596.54,2018-06-11,Active
A000377,C00199,P03,12109.84,2025-08-18,Active
A000378,C00199,P01,45273.51,2026-03-24,Active
A000379,C00200,P03,21096.97,2022-01-24,Active
A000380,C00200,P01,27530.52,2025-04-27,Active
A000381,C00200,P02,130245.54,2020-06-16,Dormant
A000382,C00201,P01,18206.05,2026-08-24,Active
A000383,C00202,P04,-18580.65,2022-09-04,Dormant
A000384,C00202,P01,9963.21,2020-01-10,Active
A000385,C00203,P04,-16167.18,2020-02-14,Active
A000386,C00203,P01,44712.38,2019-02-21,Active
A000387,C00203,P02,17318.55,2022-08-17,Active
A000388,C00204,P10,-11041.72,2017-02-02,Active
A000389,C00205,P01,25328.76,2026-07-04,Dormant
A000390,C00205,P10,-6973.61,2026-11-06,Active
A000391,C00207,P04,-5800.85,2023-12-18,Active
A000392,C00207,P01,13421.01,2015-09-27,Active
A000393,C00208,P01,19411.18,2026-04-28,Dormant
A000394,C00209,P01,55059.93,2012-08-09,Active
A000395,C00210,P01,33738.09,2026-03-07,Active
A000396,C00211,P01,39678.27,2021-04-06,Dormant
A000397,C00212,P03,28887.93,2026-10-03,Active
A000398,C00212,P01,23875.22,2026-07-05,Active
A000399,C00213,P01,26883.78,2016-09-19,Dormant
A000400,C00214,P03,54342.0,2024-07-16,Active
A000401,C00214,P01,48726.63,2026-04-28,Active
A000402,C00214,P02,56389.08,2026-10-04,Active
A000403,C00214,P11,26030.03,2025-01-15,Active
A000404,C00215,P01,23275.79,2026-02-18,Active
A000405,C00216,P01,47501.72,2026-06-24,Active
A000406,C00217,P01,39708.23,2024-07-08,Active
A000407,C00218,P01,42543.45,2024-10-24,Active
A000408,C00219,P03,22737.2,2019-06-22,Active
A000409,C00219,P01,40406.46,2016-05-13,Closed
A000410,C00220,P01,32285.47,2014-08-31,Active
A000411,C00221,P01,35742.23,2026-11-20,Active
A000412,C00222,P04,-20652.67,2023-04-08,Active
A000413,C00223,P01,24769.27,2024-02-05,Active
A000414,C00224,P01,21839.66,2019-03-23,Active
A000415,C00226,P01,30585.01,2026-04-06,Active
A000416,C00227,P01,2895.26,2026-08-25,Active
A000417,C00227,P02,54269.87,2021-10-19,Active
A000418,C00227,P10,-12932.23,2020-11-17,Active
A000419,C00228,P03,1772.17,2024-07-22,Active
A000420,C00228,P01,46666.33,2025-04-09,Dormant
A000421,C00228,P04,-22086.97,2024-01-03,Dormant
A000422,C00229,P01,14416.84,2022-07-25,Dormant
A000423,C00230,P04,-19559.86,2022-05-19,Active
A000424,C00230,P01,22072.9,2024-02-05,Active
A000425,C00231,P01,33491.11,2019-11-17,Active
A000426,C00232,P04,-19701.42,2023-02-11,Active
A000427,C00232,P01,11574.68,2023-07-18,Active
A000428,C00233,P01,46167.38,2026-08-10,Active
A000429,C00234,P01,74614.24,2020-08-25,Active
A000430,C00234,P11,5724.22,2022-02-06,Active
A000431,C00235,P03,9189.26,2026-04-29,Active
A000432,C00235,P01,5805.2,2021-09-16,Active
A000433,C00235,P06,-102703.67,2026-06-14,Active
A000434,C00236,P04,-25609.14,2025-12-27,Active
A000435,C00236,P01,21941.57,2026-01-17,Dormant
A000436,C00237,P04,-6990.26,2026-12-17,Active
A000437,C00237,P01,60954.81,2026-10-11,Active
A000438,C00238,P04,-7351.49,2020-09-25,Active
A000439,C00238,P01,33583.6,2022-06-21,Active
A000440,C00239,P01,52386.86,2021-04-14,Active
A000441,C00240,P04,-17934.57,2018-09-13,Active
A000442,C00240,P01,13861.8,2026-06-19,Active
A000443,C00241,P01,37831.88,2026-04-22,Active
A000444,C00242,P01,7093.77,2019-10-16,Active
A000445,C00242,P02,188735.26,2013-08-07,Active
A000446,C00242,P10,-1767.02,2015-03-05,Active
A000447,C00243,P01,4482.86,2026-01-01,Active
A000448,C00243,P02,55358.48,2015-03-13,Dormant
A000449,C00243,P10,-6020.8,2026-09-23,Active
A000450,C00244,P01,17385.35,2025-03-17,Active
A000451,C00244,P02,93993.19,2025-11-05,Active
A000452,C00245,P01,30417.5,2026-09-20,Active
A000453,C00246,P03,22403.55,2018-12-03,Active
A000454,C00246,P01,711.58,2020-10-16,Active
A000455,C00247,P01,28341.67,2026-04-11,Active
A000456,C00248,P03,35435.72,2026-02-23,Dormant
A000457,C00248,P01,42948.39,2026-08-04,Active
A000458,C00249,P01,2230.28,2026-01-01,Active
A000459,C00249,P02,255910.36,2025-06-07,Active
A000460,C00249,P11,49027.74,2026-07-28,Active
A000461,C00250,P01,17241.73,2021-12-30,Active
A000462,C00251,P01,15453.63,2024-12-02,Active
A000463,C00252,P01,26168.44,2026-02-23,Active
A000464,C00253,P04,-6870.75,2024-09-07,Active
A000465,C00253,P01,41466.85,2025-09-09,Dormant
A000466,C00253,P02,158011.51,2026-06-05,Active
A000467,C00254,P01,3834.24,2026-10-24,Active
A000468,C00254,P10,-502.04,2023-11-02,Active
A000469,C00255,P03,6304.55,2026-06-23,Active
A000470,C00255,P01,32482.18,2024-04-16,Active
A000471,C00256,P01,33892.3,2020-05-16,Active
A000472,C00257,P01,38101.03,2025-11-15,Active
A000473,C00257,P06,-114934.46,2025-05-01,Active
A000474,C00258,P01,18053.74,2022-11-26,Active
A000475,C00259,P01,6041.36,2022-12-10,Active
A000476,C00260,P03,45794.05,2020-12-17,Active
A000477,C00260,P01,25831.42,2017-01-08,Active
A000478,C00260,P02,31997.01,2014-06-04,Active
A000479,C00261,P01,34751.51,2023-08-26,Dormant
A000480,C00261,P06,-96787.64,2024-11-09,Active
A000481,C00261,P10,-9400.51,2025-11-16,Active
A000482,C00262,P01,48439.31,2024-03-15,Active
A000483,C00262,P06,-61354.53,2024-05-31,Active
A000484,C00262,P11,7527.66,2026-02-04,Active
A000485,C00263,P04,-24963.25,2025-12-11,Active
A000486,C00263,P01,28480.26,2026-09-01,Active
A000487,C00264,P01,31180.72,2026-08-30,Active
A000488,C00264,P10,-1408.13,2024-11-26,Active
A000489,C00264,P11,22945.44,2023-11-11,Active
A000490,C00265,P03,46785.99,2024-12-14,Active
A000491,C00265,P01,14686.01,2019-10-27,Active
A000492,C00266,P03,38947.31,2022-03-11,Active
A000493,C00266,P01,66967.06,2021-08-30,Active
A000494,C00266,P05,-131999.63,2025-10-16,Active
A000495,C00266,P11,76651.98,2022-08-03,Active
A000496,C00267,P01,8440.31,2020-06-08,Dormant
A000497,C00267,P10,-10878.18,2025-10-16,Active
A000498,C00268,P01,6957.1,2026-11-24,Active
A000499,C00269,P04,-25377.63,2026-04-27,Active
A000500,C00269,P01,7838.23,2026-04-14,Active
A000501,C00270,P01,1170.08,2016-10-20,Dormant
A000502,C00271,P03,23626.33,2019-10-25,Active
A000503,C00271,P01,21570.93,2026-02-09,Active
A000504,C00271,P05,-173082.02,2020-09-13,Active
A000505,C00272,P01,2725.52,2025-08-02,Active
A000506,C00273,P03,264.38,2021-07-05,Active
A000507,C00273,P01,44506.47,2026-01-15,Active
A000508,C00274,P01,32791.4,2022-09-29,Dormant
A000509,C00275,P01,24198.24,2026-09-27,Dormant
A000510,C00275,P10,-9284.51,2026-11-02,Active
A000511,C00276,P03,23833.65,2026-01-13,Active
A000512,C00276,P01,77437.91,2026-01-23,Active
A000513,C00276,P10,-13338.79,2026-01-24,Active
A000514,C00277,P01,44544.42,2021-12-10,Active
A000515,C00277,P06,-46439.66,2024-04-02,Dormant
A000516,C00277,P10,-10591.79,2026-05-06,Active
A000517,C00278,P01,26712.25,2020-11-14,Active
A000518,C00279,P01,40732.98,2023-08-23,Active
A000519,C00279,P05,-122143.74,2025-07-16,Active
A000520,C00280,P01,18440.22,2025-01-06,Active
A000521,C00281,P03,9752.32,2024-11-18,Active
A000522,C00281,P01,24387.56,2022-01-05,Closed
A000523,C00281,P06,-68831.91,2026-12-25,Active
A000524,C00281,P11,35114.55,2024-09-14,Dormant
A000525,C00282,P03,20026.22,2023-01-08,Active
A000526,C00282,P01,39044.31,2026-12-12,Active
A000527,C00283,P03,43624.21,2026-09-30,Active
A000528,C00283,P01,39984.7,2026-11-03,Active
A000529,C00283,P06,-22421.95,2026-04-14,Active
A000530,C00283,P10,-3629.61,2026-01-18,Active
A000531,C00284,P03,6499.25,2022-03-19,Dormant
A000532,C00284,P01,38358.22,2025-11-07,Active
A000533,C00285,P04,-9585.79,2018-05-28,Active
A000534,C00285,P06,-65893.6,2025-01-21,Active
A000535,C00286,P01,28483.02,2026-10-03,Active
A000536,C00287,P01,26076.72,2026-03-29,Active
A000537,C00288,P03,34207.6,2026-06-11,Active
A000538,C00289,P03,37210.11,2026-04-17,Active
A000539,C00289,P01,20007.14,2025-02-23,Active
A000540,C00290,P03,20372.77,2026-03-08,Dormant
A000541,C00290,P01,39063.44,2024-12-25,Active
A000542,C00291,P01,20824.7,2025-03-30,Active
A000543,C00292,P01,29854.84,2021-01-25,Active
A000544,C00293,P01,43528.36,2026-09-12,Active
A000545,C00293,P10,-12889.16,2025-02-10,Active
A000546,C00294,P03,26683.26,2016-02-24,Dormant
A000547,C00294,P01,44793.32,2017-08-16,Active
A000548,C00295,P01,52280.18,2021-10-08,Active
A000549,C00296,P01,12109.49,2025-05-27,Active
A000550,C00297,P01,53301.88,2024-01-22,Active
A000551,C00298,P01,24815.77,2015-02-06,Active
A000552,C00298,P06,-29321.41,2016-11-25,Active
A000553,C00300,P01,258.71,2019-10-31,Active
A000554,C00301,P01,50435.74,2018-07-19,Active
A000555,C00302,P01,29242.48,2015-08-10,Active
A000556,C00302,P02,35137.86,2016-05-27,Active
A000557,C00302,P10,-13084.55,2022-12-12,Dormant
A000558,C00303,P01,303.09,2022-11-19,Active
A000559,C00304,P01,40863.12,2024-01-07,Active
A000560,C00304,P06,-108287.91,2026-09-06,Active
A000561,C00304,P10,-153.43,2024-05-19,Active
A000562,C00305,P04,-25256.1,2023-04-01,Active
A000563,C00305,P01,16236.27,2017-03-05,Dormant
A000564,C00306,P01,53863.81,2023-10-21,Active
A000565,C00306,P10,-8467.97,2024-11-05,Active
A000566,C00307,P01,21516.51,2023-05-09,Active
A000567,C00308,P01,37411.8,2025-09-05,Active
A000568,C00309,P01,40634.55,2026-10-14,Active
A000569,C00310,P04,-24461.0,2026-01-22,Active
A000570,C00310,P01,5745.99,2026-03-14,Active
A000571,C00310,P10,-2245.96,2025-07-20,Active
A000572,C00310,P05,-82392.98,2023-09-28,Active
A000573,C00311,P01,41394.94,2022-09-24,Active
A000574,C00312,P04,-18019.62,2026-05-13,Active
A000575,C00312,P01,3374.87,2026-03-19,Active
A000576,C00312,P02,37583.6,2026-03-21,Active
A000577,C00313,P03,10228.63,2026-10-10,Active
A000578,C00313,P01,38742.6,2026-12-09,Active
A000579,C00313,P02,22593.7,2026-03-06,Closed
A000580,C00314,P01,22530.38,2025-03-08,Active
A000581,C00315,P03,35452.7,2026-06-28,Active
A000582,C00315,P01,4820.96,2026-08-11,Active
A000583,C00316,P03,36876.22,2014-05-14,Active
A000584,C00316,P01,14164.27,2021-03-19,Active
A000585,C00316,P05,-143077.42,2020-03-30,Active
A000586,C00317,P01,47509.04,2017-09-27,Active
A000587,C00318,P01,28653.26,2026-07-13,Active
A000588,C00318,P10,-13428.38,2026-12-06,Active
A000589,C00319,P01,1469.36,2025-05-29,Active
A000590,C00320,P04,-16326.19,2026-08-25,Active
A000591,C00320,P01,19026.51,2021-10-13,Active
A000592,C00321,P03,38599.29,2026-01-13,Active
A000593,C00321,P01,31686.86,2023-12-03,Active
A000594,C00322,P03,29981.18,2023-04-04,Active
A000595,C00322,P01,18149.34,2024-03-12,Active
A000596,C00323,P03,46162.55,2026-08-26,Active
A000597,C00323,P01,38206.22,2023-06-30,Active
A000598,C00323,P06,-92499.68,2022-12-31,Active
A000599,C00323,P04,-17783.51,2020-07-05,Closed
A000600,C00324,P03,52036.57,2022-09-01,Dormant
A000601,C00324,P01,52867.96,2024-06-01,Closed
A000602,C00325,P01,53572.24,2026-05-12,Active
A000603,C00326,P01,27993.38,2021-02-18,Active
A000604,C00326,P02,32631.84,2025-04-23,Active
A000605,C00327,P03,52445.16,2019-07-02,Active
A000606,C00327,P01,12248.41,2023-11-04,Active
A000607,C00327,P10,-2150.24,2024-12-28,Active
A000608,C00328,P02,41215.26,2019-07-12,Active
A000609,C00329,P01,72382.24,2025-12-19,Active
A000610,C00329,P11,68677.66,2025-01-06,Active
A000611,C00330,P01,4953.27,2023-10-05,Active
A000612,C00330,P06,-21521.55,2024-04-14,Active
A000613,C00331,P03,67986.13,2024-12-22,Active
A000614,C00331,P01,11546.26,2026-05-24,Active
A000615,C00332,P06,-84094.72,2023-05-28,Active
A000616,C00332,P01,29282.77,2020-03-24,Active
A000617,C00332,P02,48898.19,2021-07-16,Active
A000618,C00333,P01,10577.29,2023-01-07,Closed
A000619,C00334,P01,6834.73,2020-06-08,Active
A000620,C00335,P04,-25410.33,2019-06-13,Active
A000621,C00335,P01,15120.58,2019-04-14,Active
A000622,C00336,P01,18445.96,2021-04-09,Active
A000623,C00337,P03,12911.46,2019-10-17,Active
A000624,C00337,P01,24405.66,2024-09-28,Active
A000625,C00337,P02,172422.52,2019-03-19,Active
A000626,C00337,P04,-26629.67,2026-01-26,Active
A000627,C00338,P01,18085.0,2025-12-25,Active
A000628,C00339,P04,-15713.13,2018-01-19,Active
A000629,C00339,P01,14151.91,2016-06-24,Active
A000630,C00340,P01,56129.46,2026-11-07,Active
A000631,C00340,P11,34102.76,2025-05-08,Active
A000632,C00341,P01,15030.32,2019-05-18,Active
A000633,C00342,P01,64614.37,2017-06-05,Active
A000634,C00342,P02,103177.77,2014-01-15,Active
A000635,C00342,P05,-137288.14,2016-01-27,Active
A000636,C00342,P11,43612.4,2015-07-12,Active
A000637,C00343,P03,21748.34,2026-05-17,Active
A000638,C00343,P01,41100.77,2026-06-23,Active
A000639,C00343,P10,-11458.54,2026-02-03,Active
A000640,C00344,P01,3332.72,2022-04-15,Active
A000641,C00345,P01,21088.2,2025-09-05,Active
A000642,C00345,P06,-116462.64,2025-11-18,Active
A000643,C00345,P05,-53959.2,2026-05-15,Active
A000644,C00346,P01,34691.23,2022-11-30,Active
A000645,C00347,P06,-78894.37,2019-10-14,Active
A000646,C00348,P03,37662.26,2025-05-06,Active
A000647,C00348,P01,7641.36,2023-04-28,Active
A000648,C00349,P03,27982.14,2022-03-09,Active
A000649,C00349,P01,10274.05,2015-05-10,Active
A000650,C00350,P01,23616.53,2016-04-15,Active
A000651,C00350,P02,22026.42,2023-12-25,Active
A000652,C00351,P01,18133.18,2018-09-22,Active
A000653,C00352,P03,17549.73,2024-08-07,Active
A000654,C00352,P05,-221854.15,2024-07-06,Active
A000655,C00352,P01,15060.09,2024-03-19,Active
A000656,C00352,P10,-9282.61,2023-12-27,Active
A000657,C00352,P02,29294.04,2023-06-09,Active
A000658,C00353,P01,32721.66,2021-09-24,Active
A000659,C00354,P01,48999.16,2016-09-05,Active
A000660,C00354,P10,-1104.36,2023-01-11,Active
A000661,C00354,P11,35374.72,2017-03-24,Active
A000662,C00355,P06,-107660.27,2024-08-07,Active
A000663,C00355,P02,85377.23,2026-03-12,Active
A000664,C00356,P01,28503.25,2021-02-08,Active
A000665,C00357,P03,4426.03,2022-11-11,Dormant
A000666,C00357,P01,56374.38,2020-06-21,Active
A000667,C00357,P10,-9828.09,2024-01-06,Active
A000668,C00358,P01,56704.77,2015-10-25,Active
A000669,C00358,P11,29069.41,2014-02-07,Dormant
A000670,C00359,P01,853.14,2022-08-04,Active
A000671,C00360,P01,38483.98,2026-07-25,Active
A000672,C00361,P01,36686.36,2014-07-09,Active
A000673,C00361,P06,-111514.06,2014-06-10,Active
A000674,C00362,P01,46742.31,2025-11-19,Active
A000675,C00363,P03,17982.46,2023-07-23,Dormant
A000676,C00363,P01,10488.23,2022-03-14,Active
A000677,C00364,P03,1467.09,2026-06-17,Active
A000678,C00364,P01,28763.13,2026-11-05,Active
A000679,C00365,P04,-7221.23,2022-08-21,Active
A000680,C00365,P01,26178.35,2022-07-29,Active
A000681,C00366,P01,51640.69,2025-12-12,Dormant
A000682,C00366,P06,-43011.97,2026-05-21,Active
A000683,C00366,P11,18096.02,2026-02-24,Active
A000684,C00367,P01,43355.13,2023-11-03,Closed
A000685,C00367,P06,-80742.36,2022-11-03,Active
A000686,C00368,P01,23582.34,2025-07-09,Active
A000687,C00368,P02,70913.97,2016-11-12,Active
A000688,C00369,P03,7715.29,2023-04-17,Active
A000689,C00369,P01,23678.28,2022-12-17,Active
A000690,C00369,P04,-20822.44,2023-06-03,Active
A000691,C00370,P01,46551.03,2023-12-04,Active
A000692,C00371,P01,13619.36,2022-12-15,Active
A000693,C00371,P06,-65369.18,2022-08-03,Dormant
A000694,C00372,P03,52926.9,2026-09-13,Active
A000695,C00372,P01,55313.98,2026-10-16,Active
A000696,C00372,P02,151919.34,2026-10-07,Active
A000697,C00373,P04,-25764.31,2026-05-27,Active
A000698,C00373,P01,36612.12,2022-02-23,Active
A000699,C00373,P06,-39446.81,2023-05-17,Active
A000700,C00375,P03,21729.49,2022-08-13,Active
A000701,C00375,P01,11568.32,2017-02-17,Dormant
A000702,C00375,P02,49181.12,2024-05-28,Active
A000703,C00375,P04,-11425.93,2023-05-22,Active
A000704,C00376,P02,29300.84,2021-05-23,Active
A000705,C00377,P04,-23100.16,2026-03-31,Active
A000706,C00377,P01,35524.26,2026-10-08,Active
A000707,C00378,P04,-23921.5,2021-01-19,Active
A000708,C00378,P01,61601.34,2026-01-08,Active
A000709,C00379,P01,25682.57,2026-12-22,Active
A000710,C00380,P01,9339.84,2020-03-12,Active
A000711,C00381,P03,63688.16,2018-06-04,Active
A000712,C00382,P01,54669.63,2026-02-12,Active
A000713,C00383,P01,21140.38,2026-08-11,Active
A000714,C00384,P01,24157.62,2018-08-14,Closed
A000715,C00384,P06,-104274.72,2021-03-28,Active
A000716,C00385,P04,-8789.56,2022-07-28,Active
A000717,C00385,P01,41729.15,2024-12-02,Active
A000718,C00386,P01,22254.16,2025-08-24,Active
A000719,C00386,P02,51303.57,2025-11-07,Active
A000720,C00386,P05,-273766.96,2026-11-23,Active
A000721,C00387,P01,13655.39,2022-03-25,Active
A000722,C00388,P04,-22076.95,2024-04-11,Active
A000723,C00388,P01,44673.73,2023-07-01,Active
A000724,C00389,P03,5502.29,2022-10-06,Active
A000725,C00389,P01,33457.6,2021-08-25,Active
A000726,C00389,P02,118011.24,2026-01-27,Active
A000727,C00390,P01,29903.4,2026-09-21,Active
A000728,C00391,P01,18240.31,2020-06-12,Active
A000729,C00391,P06,-38438.5,2025-09-24,Active
A000730,C00392,P01,44675.73,2025-12-23,Active
A000731,C00393,P01,4859.56,2025-03-12,Active
A000732,C00394,P01,14204.58,2021-09-01,Active
A000733,C00395,P04,-18486.35,2024-05-04,Active
A000734,C00395,P01,6790.04,2023-07-05,Active
A000735,C00396,P01,7704.94,2019-10-23,Active
A000736,C00396,P06,-71993.46,2022-05-19,Active
A000737,C00397,P01,23118.4,2026-03-16,Active
A000738,C00397,P10,-6425.85,2026-01-08,Active
A000739,C00398,P03,19034.94,2020-07-20,Active
A000740,C00398,P01,24319.6,2026-06-07,Active
A000741,C00399,P03,36564.61,2019-11-29,Active
A000742,C00399,P01,2033.81,2021-10-09,Active
A000743,C00400,P01,43147.28,2012-05-24,Active
A000744,C00401,P01,58875.58,2015-12-12,Active
A000745,C00402,P01,9498.02,2026-05-04,Active
A000746,C00403,P01,33679.17,2018-02-04,Active
A000747,C00403,P02,141431.83,2018-09-28,Active
A000748,C00403,P11,46975.39,2025-09-15,Active
A000749,C00404,P01,27217.51,2022-05-12,Active
A000750,C00405,P03,34068.28,2026-11-27,Active
A000751,C00405,P01,41495.6,2026-08-30,Active
A000752,C00405,P06,-43604.14,2026-03-06,Active
A000753,C00406,P01,24153.18,2017-06-10,Active
A000754,C00407,P01,32323.51,2026-08-22,Active
A000755,C00407,P06,-110534.39,2024-10-21,Active
A000756,C00408,P01,29240.94,2023-10-12,Active
A000757,C00409,P01,9281.56,2017-06-04,Active
A000758,C00410,P01,45021.06,2026-05-14,Active
A000759,C00410,P06,-22422.56,2019-01-20,Active
A000760,C00410,P10,-13849.39,2021-02-10,Active
A000761,C00410,P04,-24966.21,2024-03-16,Active
A000762,C00410,P02,50140.65,2021-12-24,Active
A000763,C00411,P04,-29985.9,2021-02-15,Active
A000764,C00411,P01,36091.82,2025-01-09,Active
A000765,C00411,P10,-11259.75,2020-04-27,Active
A000766,C00412,P01,33142.01,2023-07-08,Active
A000767,C00413,P01,55501.12,2026-01-18,Active
A000768,C00413,P05,-220633.13,2021-12-01,Active
A000769,C00415,P03,6513.98,2025-01-24,Active
A000770,C00415,P01,44133.74,2017-06-14,Active
A000771,C00415,P10,-3761.34,2019-10-09,Active
A000772,C00416,P03,16431.34,2022-03-28,Active
A000773,C00416,P01,14016.76,2022-10-18,Active
A000774,C00416,P04,-16623.87,2018-06-17,Active
A000775,C00417,P01,38258.64,2022-11-17,Dormant
A000776,C00417,P10,-13959.52,2022-01-19,Active
A000777,C00418,P01,7365.26,2024-12-19,Active
A000778,C00419,P01,16789.95,2016-11-24,Active
A000779,C00419,P02,183657.15,2017-06-30,Active
A000780,C00421,P01,12585.25,2022-11-18,Active
A000781,C00422,P04,-26946.32,2024-04-05,Active
A000782,C00422,P01,13221.39,2026-11-09,Active
A000783,C00422,P10,-8841.93,2026-10-27,Active
A000784,C00423,P01,51725.79,2020-05-05,Active
A000785,C00423,P05,-276863.45,2017-06-11,Active
A000786,C00424,P01,33771.28,2025-09-02,Active
A000787,C00425,P01,43988.69,2020-09-27,Active
A000788,C00425,P06,-31441.7,2020-04-21,Active
A000789,C00425,P05,-183586.11,2026-10-21,Active
A000790,C00425,P10,-12474.86,2022-07-18,Active
A000791,C00426,P01,17447.98,2026-09-05,Active
A000792,C00427,P01,11548.87,2025-10-16,Active
A000793,C00428,P01,6312.14,2017-01-08,Active
A000794,C00429,P01,1797.7,2023-05-27,Active
A000795,C00430,P01,37554.75,2019-09-14,Active
A000796,C00430,P06,-53434.27,2023-02-17,Active
A000797,C00430,P05,-187726.03,2017-12-04,Active
A000798,C00431,P01,12887.57,2026-10-29,Active
A000799,C00432,P01,4223.18,2024-04-27,Active
A000800,C00433,P01,17490.26,2026-07-23,Active
A000801,C00434,P01,70273.03,2026-01-12,Active
A000802,C00434,P02,120689.93,2026-08-12,Active
A000803,C00435,P06,-23871.16,2026-03-29,Active
A000804,C00435,P01,33434.21,2024-10-21,Active
A000805,C00435,P02,177975.86,2022-05-19,Active
A000806,C00435,P10,-2179.96,2023-01-03,Active
A000807,C00436,P01,41923.18,2024-03-03,Active
A000808,C00437,P04,-22718.39,2024-12-19,Active
A000809,C00437,P01,22353.75,2022-10-02,Active
A000810,C00438,P01,32335.76,2025-02-12,Active
A000811,C00439,P03,30823.07,2025-06-24,Active
A000812,C00439,P01,33208.5,2024-10-16,Active
A000813,C00439,P02,171726.87,2025-08-27,Active
A000814,C00440,P01,52179.69,2025-08-10,Active
A000815,C00440,P10,-6704.19,2016-03-18,Active
A000816,C00441,P01,14042.72,2026-10-26,Active
A000817,C00442,P04,-24992.13,2026-08-10,Active
A000818,C00442,P01,4743.41,2025-09-02,Dormant
A000819,C00443,P01,43705.1,2025-11-23,Active
A000820,C00444,P01,1103.58,2022-10-17,Active
A000821,C00445,P06,-102482.15,2017-03-24,Active
A000822,C00445,P01,64350.66,2022-07-17,Active
A000823,C00445,P02,24823.71,2021-10-31,Active
A000824,C00446,P03,21818.5,2023-09-24,Active
A000825,C00446,P01,53079.26,2026-12-04,Active
A000826,C00447,P04,-5149.9,2026-12-07,Active
A000827,C00447,P01,39803.78,2026-03-10,Dormant
A000828,C00448,P04,-13413.31,2026-02-25,Active
A000829,C00448,P01,33187.58,2023-05-25,Active
A000830,C00448,P06,-111584.34,2023-07-12,Active
A000831,C00448,P10,-7840.9,2024-04-10,Active
A000832,C00449,P01,34854.73,2017-11-01,Dormant
A000833,C00449,P02,81146.44,2019-01-05,Dormant
A000834,C00450,P03,45669.79,2019-05-13,Active
A000835,C00450,P01,52894.17,2024-06-21,Active
A000836,C00450,P06,-113505.13,2026-04-03,Dormant
A000837,C00451,P01,39722.86,2020-02-26,Active
A000838,C00452,P01,39125.86,2024-03-05,Active
A000839,C00453,P03,72688.87,2019-01-02,Active
A000840,C00453,P01,5058.99,2018-07-06,Active
A000841,C00453,P11,42392.93,2019-01-23,Active
A000842,C00454,P04,-18782.12,2024-08-24,Active
A000843,C00454,P01,15676.44,2024-06-09,Active
A000844,C00454,P10,-9876.12,2025-08-09,Active
A000845,C00455,P01,33630.45,2026-01-24,Active
A000846,C00456,P01,5231.57,2025-02-09,Active
A000847,C00457,P01,18449.16,2022-11-28,Active
A000848,C00457,P10,-13691.11,2022-10-13,Active
A000849,C00457,P11,25413.53,2024-08-09,Closed
A000850,C00458,P01,21090.37,2020-07-17,Active
A000851,C00458,P06,-117806.81,2021-10-08,Active
A000852,C00459,P04,-16513.66,2022-01-03,Dormant
A000853,C00459,P01,12386.51,2018-09-28,Active
A000854,C00460,P01,1173.5,2020-01-02,Closed
A000855,C00460,P10,-641.18,2019-04-19,Active
A000856,C00461,P01,12127.22,2023-03-19,Active
A000857,C00462,P01,19049.35,2024-11-18,Active
A000858,C00463,P01,38293.04,2024-03-16,Active
A000859,C00464,P01,7912.59,2026-10-02,Active
A000860,C00464,P02,150985.97,2016-08-22,Active
A000861,C00465,P04,-12831.06,2023-10-14,Active
A000862,C00465,P01,42471.85,2020-08-07,Active
A000863,C00466,P03,5198.5,2019-08-21,Active
A000864,C00466,P01,21250.29,2023-07-15,Dormant
A000865,C00467,P01,2978.58,2022-08-01,Active
A000866,C00467,P05,-247733.66,2021-04-20,Active
A000867,C00468,P01,25207.61,2026-05-19,Active
A000868,C00469,P01,13639.16,2021-07-01,Active
A000869,C00469,P02,32548.08,2013-01-27,Dormant
A000870,C00469,P05,-95684.36,2026-02-07,Active
A000871,C00470,P01,38499.99,2022-12-13,Dormant
A000872,C00471,P03,1888.67,2024-09-14,Active
A000873,C00471,P01,16024.71,2025-07-03,Active
A000874,C00471,P02,82387.29,2018-04-05,Active
A000875,C00471,P04,-22406.78,2017-10-09,Active
A000876,C00472,P01,63498.43,2020-04-21,Active
A000877,C00472,P06,-54488.72,2021-01-12,Active
A000878,C00473,P01,38861.65,2026-05-12,Active
A000879,C00473,P10,-14250.48,2022-02-01,Active
A000880,C00474,P01,70865.0,2026-04-30,Active
A000881,C00474,P05,-59308.28,2021-12-03,Active
A000882,C00475,P01,52585.19,2025-01-10,Active
A000883,C00475,P10,-5598.04,2021-01-23,Active
A000884,C00476,P03,54061.6,2021-10-19,Active
A000885,C00476,P01,31321.27,2021-01-24,Active
A000886,C00476,P10,-13266.18,2026-08-24,Dormant
A000887,C00476,P04,-12497.6,2020-06-22,Dormant
A000888,C00477,P01,23622.21,2026-08-27,Closed
A000889,C00478,P01,21061.82,2022-01-05,Active
A000890,C00479,P01,62658.17,2021-10-16,Dormant
A000891,C00479,P06,-41275.45,2024-07-30,Active
A000892,C00480,P01,59817.5,2025-10-25,Active
A000893,C00480,P10,-8433.94,2024-03-17,Active
A000894,C00481,P03,39015.98,2024-07-26,Active
A000895,C00481,P01,33081.42,2023-03-22,Active
A000896,C00481,P10,-14150.46,2022-05-22,Active
A000897,C00482,P04,-28635.29,2025-02-17,Active
A000898,C00482,P06,-20106.44,2026-04-27,Active
A000899,C00483,P01,2422.67,2024-10-08,Active
A000900,C00484,P01,5213.87,2022-06-30,Active
A000901,C00485,P01,27102.89,2026-03-03,Active
A000902,C00485,P06,-61046.37,2012-07-14,Active
A000903,C00485,P05,-134641.99,2016-04-01,Dormant
A000904,C00485,P10,-9694.73,2016-07-08,Closed
A000905,C00486,P03,40946.46,2026-07-30,Active
A000906,C00486,P10,-7344.34,2025-01-19,Active
A000907,C00487,P03,9856.45,2026-09-16,Active
A000908,C00487,P01,38345.28,2026-11-01,Active
A000909,C00487,P10,-8248.29,2025-03-28,Dormant
A000910,C00488,P04,-26799.74,2017-03-22,Active
A000911,C00488,P01,21305.82,2022-01-16,Active
A000912,C00489,P01,2880.63,2026-11-26,Active
A000913,C00490,P03,42893.51,2020-11-26,Active
A000914,C00490,P01,46649.77,2021-02-10,Active
A000915,C00490,P02,110379.99,2017-04-02,Active
A000916,C00491,P01,29230.14,2024-04-11,Active
A000917,C00492,P03,15897.35,2013-05-09,Active
A000918,C00492,P01,42635.5,2021-04-26,Active
A000919,C00492,P02,30116.42,2013-03-31,Active
A000920,C00493,P03,9491.74,2019-07-25,Active
A000921,C00493,P01,7892.53,2025-09-20,Active
A000922,C00494,P04,-19370.84,2026-01-01,Active
A000923,C00494,P01,12649.78,2026-04-06,Active
A000924,C00495,P01,19643.39,2022-10-07,Active
A000925,C00495,P06,-86993.01,2020-06-14,Active
A000926,C00496,P01,6491.47,2015-05-18,Active
A000927,C00497,P04,-28837.98,2018-09-26,Active
A000928,C00497,P01,16220.81,2019-07-12,Active
A000929,C00497,P02,59720.15,2015-07-04,Active
A000930,C00498,P03,36561.28,2019-07-28,Active
A000931,C00498,P01,5671.06,2026-10-03,Active
A000932,C00498,P10,-9430.82,2025-12-18,Active
A000933,C00498,P04,-28684.57,2023-05-13,Active
A000934,C00498,P11,33804.59,2026-01-14,Active
A000935,C00499,P01,22701.88,2021-05-24,Active
A000936,C00500,P01,50141.99,2023-04-03,Dormant
A000937,C00501,P03,45459.76,2022-01-22,Active
A000938,C00501,P01,25555.27,2022-02-17,Dormant
A000939,C00501,P02,181597.2,2024-07-29,Active
A000940,C00502,P01,24860.56,2016-07-03,Active
A000941,C00503,P01,55510.84,2024-04-07,Dormant
A000942,C00504,P01,26786.15,2023-06-05,Active
A000943,C00505,P03,7389.74,2025-03-29,Active
A000944,C00505,P01,2403.03,2017-04-12,Closed
A000945,C00505,P05,-220697.29,2019-06-28,Active
A000946,C00506,P01,38136.81,2026-03-16,Active
A000947,C00507,P01,25795.02,2015-05-16,Active
A000948,C00507,P06,-88467.04,2023-05-28,Dormant
A000949,C00507,P05,-246431.85,2022-03-06,Active
A000950,C00507,P10,-8667.58,2020-08-05,Closed
A000951,C00508,P01,14657.01,2015-09-01,Active
A000952,C00509,P01,41429.27,2022-07-11,Closed
A000953,C00510,P01,6674.56,2024-07-01,Active
A000954,C00511,P03,38339.3,2022-02-17,Active
A000955,C00511,P01,28440.74,2018-11-29,Closed
A000956,C00511,P04,-18880.8,2018-09-18,Active
A000957,C00512,P03,15118.26,2020-09-30,Active
A000958,C00512,P01,45867.49,2020-11-23,Active
A000959,C00512,P02,74073.0,2014-10-07,Active
A000960,C00512,P10,-10061.78,2023-03-07,Active
A000961,C00513,P03,31261.39,2024-11-28,Active
A000962,C00513,P01,33426.43,2024-08-20,Active
A000963,C00514,P01,28379.56,2023-05-31,Active
A000964,C00515,P01,17442.28,2020-04-22,Active
A000965,C00515,P10,-5002.92,2019-11-09,Active
A000966,C00516,P01,56782.63,2026-12-17,Active
A000967,C00516,P02,86197.96,2022-09-19,Active
A000968,C00516,P10,-2510.16,2025-11-22,Active
A000969,C00517,P03,79260.3,2024-10-09,Dormant
A000970,C00517,P01,61229.51,2024-01-24,Active
A000971,C00517,P11,47145.06,2023-02-13,Active
A000972,C00518,P01,31077.31,2022-03-03,Active
A000973,C00519,P01,71610.22,2013-03-16,Dormant
A000974,C00519,P02,254465.61,2013-10-30,Active
A000975,C00519,P05,-123016.6,2015-08-26,Active
A000976,C00520,P04,-14961.07,2020-04-02,Dormant
A000977,C00520,P01,38258.12,2020-05-16,Active
A000978,C00520,P06,-106487.95,2019-01-15,Active
A000979,C00521,P03,3535.98,2022-03-04,Active
A000980,C00521,P01,63985.11,2026-02-20,Active
A000981,C00523,P01,11987.33,2026-03-24,Active
A000982,C00523,P02,147391.05,2026-08-17,Active
A000983,C00524,P01,17618.72,2023-08-09,Active
A000984,C00525,P01,46513.56,2024-07-05,Active
A000985,C00526,P03,17988.76,2025-09-25,Active
A000986,C00526,P01,51649.97,2024-05-23,Active
A000987,C00526,P10,-7624.52,2026-07-09,Active
A000988,C00527,P01,36757.88,2026-08-07,Dormant
A000989,C00527,P10,-14224.55,2020-01-31,Active
A000990,C00528,P03,13639.94,2020-09-04,Active
A000991,C00528,P01,31820.21,2021-10-13,Active
A000992,C00528,P06,-58841.4,2026-03-25,Dormant
A000993,C00529,P03,41615.64,2019-05-20,Active
A000994,C00529,P01,19379.55,2019-01-21,Active
A000995,C00530,P03,52582.33,2021-05-14,Active
A000996,C00530,P01,69581.82,2023-12-16,Active
A000997,C00530,P02,117532.88,2020-07-25,Active
A000998,C00531,P04,-17784.59,2024-01-08,Active
A000999,C00531,P01,44412.75,2020-09-30,Active
A001000,C00531,P06,-35207.27,2020-10-27,Active
A001001,C00531,P05,-127829.82,2020-01-17,Active
A001002,C00532,P01,14768.74,2022-05-12,Active
A001003,C00533,P01,44397.77,2015-11-25,Active
A001004,C00534,P01,51229.8,2026-07-22,Active
A001005,C00534,P10,-7751.29,2026-10-01,Active
A001006,C00535,P01,9224.6,2026-10-27,Active
A001007,C00536,P03,9970.87,2023-06-06,Dormant
A001008,C00536,P01,7293.83,2018-07-15,Active
A001009,C00537,P01,28082.49,2025-11-02,Active
A001010,C00537,P06,-54826.71,2026-10-31,Active
A001011,C00538,P06,-105247.19,2023-04-22,Active
A001012,C00538,P05,-99016.09,2023-04-17,Active
A001013,C00539,P03,9774.68,2017-07-29,Active
A001014,C00539,P01,29550.56,2017-07-03,Active
A001015,C00539,P10,-11452.24,2024-06-26,Active
A001016,C00540,P01,1831.17,2022-04-02,Active
A001017,C00541,P01,17845.89,2017-06-18,Active
A001018,C00542,P01,43380.67,2020-09-27,Dormant
A001019,C00543,P01,67690.19,2015-10-02,Active
A001020,C00543,P05,-206792.97,2025-06-14,Active
A001021,C00543,P11,70410.23,2020-03-03,Active
A001022,C00544,P04,-29263.09,2023-07-14,Active
A001023,C00544,P01,52659.46,2019-06-07,Active
A001024,C00544,P10,-8454.13,2023-12-03,Active
A001025,C00545,P03,72482.7,2025-12-06,Active
A001026,C00545,P01,25660.04,2026-02-09,Active
A001027,C00545,P05,-162554.4,2024-11-05,Active
A001028,C00546,P04,-5357.83,2025-04-28,Active
A001029,C00546,P01,21620.49,2026-03-01,Active
A001030,C00547,P03,5901.92,2025-11-03,Active
A001031,C00547,P01,5377.53,2026-09-30,Active
A001032,C00548,P03,9384.54,2026-01-31,Active
A001033,C00548,P02,37467.28,2019-02-14,Active
A001034,C00549,P01,24839.28,2026-08-30,Active
A001035,C00549,P05,-190511.54,2026-05-07,Active
A001036,C00550,P01,38046.03,2022-12-01,Active
A001037,C00550,P10,-12637.1,2018-09-12,Active
A001038,C00551,P03,42605.86,2023-10-10,Active
A001039,C00551,P01,19196.57,2017-10-25,Active
A001040,C00551,P04,-20559.07,2017-04-03,Active
A001041,C00552,P01,24573.95,2023-01-03,Active
A001042,C00552,P06,-109336.62,2023-04-14,Active
A001043,C00553,P01,35684.98,2025-05-17,Active
A001044,C00554,P01,27487.61,2023-03-19,Active
A001045,C00555,P01,44477.71,2026-03-03,Active
A001046,C00555,P02,9091.95,2025-10-24,Active
A001047,C00556,P03,18728.97,2026-02-20,Active
A001048,C00556,P01,23806.59,2026-09-03,Active
A001049,C00557,P03,54603.55,2026-12-04,Active
A001050,C00557,P01,4694.73,2026-05-15,Active
A001051,C00557,P02,157774.63,2026-08-16,Active
A001052,C00558,P01,59149.73,2025-09-23,Active
A001053,C00559,P01,1213.62,2025-08-08,Active
A001054,C00559,P10,-3147.44,2025-04-08,Active
A001055,C00560,P03,26689.89,2025-01-19,Active
A001056,C00560,P01,33775.6,2025-12-12,Active
A001057,C00560,P02,223406.83,2024-12-24,Active
A001058,C00561,P06,-45475.69,2025-12-13,Active
A001059,C00561,P01,38919.58,2025-06-10,Active
A001060,C00561,P02,109097.43,2026-07-31,Active
A001061,C00561,P11,3483.71,2024-01-19,Active
A001062,C00562,P03,6869.77,2014-07-28,Active
A001063,C00562,P01,30587.82,2024-09-12,Active
A001064,C00563,P01,36814.17,2020-01-20,Closed
A001065,C00563,P10,-9111.42,2023-01-19,Active
A001066,C00564,P03,39090.39,2024-12-11,Active
A001067,C00564,P01,2119.71,2023-06-16,Active
A001068,C00564,P02,99703.68,2022-01-16,Active
A001069,C00565,P01,12247.69,2025-06-16,Active
A001070,C00565,P05,-103829.38,2026-11-02,Active
A001071,C00566,P03,9107.48,2018-11-22,Active
A001072,C00566,P01,4218.23,2016-05-09,Active
A001073,C00567,P01,50759.41,2024-08-05,Active
A001074,C00567,P02,28544.59,2026-01-22,Active
A001075,C00568,P01,28720.41,2024-12-13,Active
A001076,C00569,P04,-22636.98,2022-11-07,Active
A001077,C00569,P01,25428.99,2025-03-01,Active
A001078,C00569,P06,-105148.82,2019-03-13,Active
A001079,C00570,P01,1723.95,2025-02-03,Dormant
A001080,C00570,P02,222738.0,2020-02-19,Active
A001081,C00571,P01,43178.54,2017-08-25,Active
A001082,C00571,P06,-68551.57,2022-03-22,Dormant
A001083,C00571,P10,-2665.97,2016-06-24,Active
A001084,C00572,P04,-28461.38,2016-11-23,Dormant
A001085,C00572,P01,25252.74,2014-03-24,Active
A001086,C00573,P03,23845.17,2020-08-23,Active
A001087,C00573,P01,11484.1,2023-06-16,Active
A001088,C00574,P04,-20568.15,2024-06-23,Active
A001089,C00574,P01,24555.17,2019-01-04,Active
A001090,C00575,P01,45566.83,2023-05-04,Active
A001091,C00576,P03,8390.62,2017-10-31,Active
A001092,C00576,P01,14590.15,2022-02-11,Active
A001093,C00576,P02,82303.29,2025-10-29,Active
A001094,C00577,P04,-26886.11,2023-10-10,Active
A001095,C00577,P01,40829.19,2019-10-31,Active
A001096,C00578,P04,-22500.26,2025-08-02,Active
A001097,C00578,P01,7614.84,2022-01-26,Active
A001098,C00579,P01,23082.83,2024-05-19,Active
A001099,C00580,P01,6177.08,2021-05-30,Active
A001100,C00580,P02,97532.64,2021-04-02,Active
A001101,C00581,P04,-27210.62,2021-08-18,Active
A001102,C00581,P06,-65492.5,2026-02-09,Active
A001103,C00581,P01,56756.31,2026-06-02,Active
A001104,C00581,P02,246635.1,2024-06-11,Active
A001105,C00582,P01,42569.4,2020-02-19,Active
A001106,C00582,P06,-94079.41,2022-04-13,Active
A001107,C00583,P03,2541.41,2025-01-04,Dormant
A001108,C00583,P01,32793.89,2025-10-27,Dormant
A001109,C00584,P01,7663.03,2026-06-07,Dormant
A001110,C00585,P01,34469.76,2024-06-05,Active
A001111,C00586,P03,70415.89,2026-08-13,Active
A001112,C00586,P05,-247205.13,2026-08-27,Closed
A001113,C00586,P01,45042.58,2026-09-11,Dormant
A001114,C00586,P04,-13410.26,2026-07-06,Active
A001115,C00586,P11,22058.42,2026-07-15,Dormant
A001116,C00587,P03,8684.38,2021-10-13,Active
A001117,C00587,P01,38411.72,2025-01-15,Active
A001118,C00587,P06,-83152.68,2023-08-24,Active
A001119,C00587,P04,-6506.48,2025-12-03,Active
A001120,C00588,P01,6885.2,2013-05-19,Active
A001121,C00588,P10,-12822.93,2022-01-27,Active
A001122,C00589,P01,26748.15,2023-08-23,Active
A001123,C00589,P10,-11182.27,2023-10-25,Active
A001124,C00590,P01,46218.61,2022-01-23,Active
A001125,C00591,P04,-13143.8,2024-12-03,Active
A001126,C00591,P01,3218.08,2024-03-04,Active
A001127,C00592,P01,11187.95,2025-06-29,Active
A001128,C00592,P02,78922.25,2023-06-11,Active
A001129,C00593,P04,-24634.67,2025-03-14,Active
A001130,C00593,P01,26102.3,2025-09-04,Active
A001131,C00594,P04,-20680.41,2017-01-15,Active
A001132,C00594,P03,7646.86,2022-01-19,Dormant
A001133,C00594,P01,8036.44,2018-03-01,Active
A001134,C00594,P05,-197413.94,2024-07-03,Dormant
A001135,C00595,P01,5976.92,2025-12-23,Active
A001136,C00596,P03,16490.87,2025-05-04,Active
A001137,C00596,P01,17466.98,2020-12-02,Active
A001138,C00597,P03,46619.98,2016-10-03,Active
A001139,C00597,P01,6495.05,2020-02-22,Active
A001140,C00597,P06,-73945.34,2015-11-25,Active
A001141,C00598,P03,25688.68,2020-08-23,Active
A001142,C00598,P01,63153.62,2022-05-03,Active
A001143,C00598,P10,-2392.39,2021-07-24,Active
A001144,C00599,P01,30186.62,2026-03-22,Active
A001145,C00599,P10,-2826.47,2018-05-13,Active
A001146,C00600,P01,17489.7,2013-08-13,Active
A001147,C00601,P01,28272.27,2026-06-17,Active
A001148,C00602,P03,19169.12,2023-10-21,Dormant
A001149,C00602,P01,10451.0,2024-07-05,Active
A001150,C00603,P04,-6542.67,2015-08-27,Active
A001151,C00603,P01,5650.94,2026-01-24,Active
A001152,C00603,P06,-109673.04,2022-03-02,Active
A001153,C00604,P01,28703.16,2025-08-03,Active
A001154,C00604,P11,74876.72,2022-11-16,Dormant
A001155,C00605,P01,13565.06,2022-12-07,Active
A001156,C00606,P01,17761.25,2022-12-31,Active
A001157,C00606,P02,97057.48,2022-12-08,Active
A001158,C00607,P03,29660.19,2025-12-14,Active
A001159,C00607,P01,42169.01,2026-10-06,Dormant
A001160,C00607,P04,-5947.1,2026-07-01,Active
A001161,C00608,P01,33650.65,2018-11-15,Closed
A001162,C00608,P02,157194.34,2019-03-25,Active
A001163,C00609,P04,-23837.08,2023-04-11,Active
A001164,C00609,P01,23048.4,2025-12-06,Active
A001165,C00611,P03,40325.81,2024-01-01,Active
A001166,C00611,P01,53636.92,2023-06-01,Active
A001167,C00611,P02,171820.15,2018-07-18,Closed
A001168,C00612,P04,-21953.98,2019-12-20,Active
A001169,C00612,P01,50278.46,2022-11-22,Active
A001170,C00613,P01,19655.51,2022-11-13,Active
A001171,C00613,P06,-36703.99,2024-11-15,Active
A001172,C00614,P01,24989.18,2021-05-05,Active
A001173,C00615,P04,-22379.31,2025-07-10,Active
A001174,C00615,P01,2237.48,2023-09-21,Active
A001175,C00615,P02,146597.2,2023-05-11,Active
A001176,C00616,P01,36108.96,2022-10-04,Active
A001177,C00617,P01,52001.61,2026-12-18,Active
A001178,C00618,P06,-108759.8,2025-07-16,Active
A001179,C00618,P01,35579.29,2024-02-08,Active
A001180,C00618,P02,145366.1,2020-04-28,Active
A001181,C00619,P03,47620.62,2024-04-27,Dormant
A001182,C00619,P01,2887.49,2018-03-02,Active
A001183,C00620,P03,26578.01,2026-07-31,Active
A001184,C00620,P01,23040.27,2023-12-01,Active
A001185,C00620,P04,-7229.88,2026-07-23,Active
A001186,C00621,P01,14364.21,2019-02-24,Active
A001187,C00622,P01,33517.57,2017-06-19,Active
A001188,C00622,P10,-2040.16,2023-11-08,Active
A001189,C00623,P01,59941.14,2012-02-09,Active
A001190,C00624,P01,19073.92,2024-02-17,Active
A001191,C00624,P02,115042.57,2026-11-16,Active
A001192,C00625,P01,8300.22,2024-09-26,Active
A001193,C00626,P01,41987.88,2023-05-31,Active
A001194,C00627,P03,55790.25,2026-11-20,Active
A001195,C00627,P01,45381.17,2025-07-25,Active
A001196,C00628,P06,-31729.44,2025-07-04,Active
A001197,C00628,P01,60290.34,2016-06-01,Active
A001198,C00628,P02,50845.77,2022-01-14,Closed
A001199,C00628,P11,53756.91,2016-07-15,Active
A001200,C00629,P04,-16143.99,2025-11-21,Active
A001201,C00629,P01,42352.2,2020-07-28,Active
A001202,C00629,P10,-4499.95,2026-07-24,Dormant
A001203,C00629,P05,-99150.18,2024-01-30,Dormant
A001204,C00630,P01,19042.05,2023-12-14,Dormant
A001205,C00631,P04,-23145.62,2025-12-15,Dormant
A001206,C00631,P01,22874.12,2025-11-01,Active
A001207,C00632,P03,56782.49,2018-12-17,Active
A001208,C00632,P01,12046.1,2023-03-24,Active
A001209,C00633,P03,15155.79,2025-02-22,Active
A001210,C00633,P01,19979.39,2013-09-20,Dormant
A001211,C00634,P03,37488.24,2019-06-24,Active
A001212,C00634,P01,25045.82,2026-11-23,Active
A001213,C00634,P04,-27039.42,2020-06-18,Active
A001214,C00635,P04,-23410.24,2024-01-22,Active
A001215,C00635,P01,53503.2,2024-07-03,Active
A001216,C00635,P02,159650.8,2023-07-05,Active
A001217,C00636,P03,32478.74,2023-06-05,Dormant
A001218,C00636,P01,38624.5,2026-05-13,Active
A001219,C00637,P03,38100.12,2022-08-02,Active
A001220,C00637,P01,53372.56,2025-06-24,Active
A001221,C00638,P04,-16170.02,2024-12-05,Active
A001222,C00638,P01,37808.33,2024-07-15,Closed
A001223,C00639,P01,40344.69,2025-01-31,Active
A001224,C00639,P05,-129380.81,2021-12-01,Active
A001225,C00640,P01,12076.08,2020-05-28,Active
A001226,C00640,P10,-9722.09,2019-07-25,Dormant
A001227,C00641,P01,4042.65,2023-03-13,Active
A001228,C00641,P05,-89416.19,2024-10-27,Active
A001229,C00642,P01,46626.62,2026-12-24,Active
A001230,C00642,P05,-237093.38,2023-10-02,Active
A001231,C00643,P01,55689.5,2024-04-25,Active
A001232,C00643,P10,-6061.38,2022-03-27,Active
A001233,C00644,P01,11308.42,2022-11-02,Active
A001234,C00644,P10,-8201.71,2020-07-25,Active
A001235,C00645,P01,29278.09,2026-10-25,Active
A001236,C00646,P01,15374.94,2022-03-25,Active
A001237,C00647,P01,19752.2,2026-04-02,Active
A001238,C00648,P04,-22621.53,2014-11-05,Active
A001239,C00648,P01,41023.07,2015-02-15,Closed
A001240,C00649,P01,55492.33,2020-11-28,Dormant
A001241,C00650,P03,5619.43,2025-06-15,Active
A001242,C00650,P01,9861.59,2023-07-25,Active
A001243,C00650,P06,-28271.74,2022-12-15,Active
A001244,C00651,P01,26963.7,2026-03-01,Active
A001245,C00651,P10,-14960.56,2025-07-26,Active
A001246,C00652,P01,55957.25,2026-11-18,Active
A001247,C00653,P04,-7501.02,2021-12-26,Active
A001248,C00653,P01,44218.23,2025-05-13,Active
A001249,C00654,P01,11852.45,2025-03-30,Active
A001250,C00655,P03,38336.95,2025-01-02,Active
A001251,C00655,P01,4996.81,2025-08-13,Closed
A001252,C00656,P01,36611.68,2025-08-05,Active
A001253,C00656,P02,132722.9,2024-05-10,Active
A001254,C00657,P01,40622.66,2026-10-12,Active
A001255,C00657,P06,-23629.79,2023-01-13,Active
A001256,C00658,P04,-8123.9,2018-11-03,Dormant
A001257,C00658,P01,55431.1,2020-02-28,Active
A001258,C00659,P01,26006.24,2024-03-02,Active
A001259,C00660,P03,16256.95,2026-08-02,Active
A001260,C00660,P01,68392.43,2026-12-01,Active
A001261,C00661,P03,25407.0,2021-04-07,Active
A001262,C00661,P01,19735.92,2015-01-07,Active
A001263,C00662,P01,60666.36,2026-01-09,Active
A001264,C00662,P10,-13509.31,2025-10-01,Active
A001265,C00663,P03,49824.09,2025-12-18,Active
A001266,C00663,P01,4771.81,2026-05-03,Dormant
A001267,C00664,P03,50133.8,2022-07-30,Dormant
A001268,C00664,P01,63197.79,2024-03-10,Dormant
A001269,C00664,P02,161222.5,2024-07-21,Active
A001270,C00664,P11,46460.79,2022-10-02,Active
A001271,C00665,P01,62688.79,2021-09-23,Dormant
A001272,C00666,P03,23380.2,2018-10-25,Closed
A001273,C00666,P01,18741.93,2021-04-03,Active
A001274,C00667,P03,53944.57,2020-04-13,Dormant
A001275,C00667,P01,21201.47,2021-04-20,Active
A001276,C00668,P01,47479.28,2024-10-12,Dormant
A001277,C00669,P01,39039.8,2026-12-28,Active
A001278,C00669,P10,-10084.73,2026-09-21,Active
A001279,C00670,P01,41750.72,2024-06-05,Active
A001280,C00671,P01,2646.41,2025-08-02,Active
A001281,C00672,P04,-12466.4,2025-01-26,Active
A001282,C00672,P01,11878.81,2026-03-03,Active
A001283,C00673,P03,35133.86,2018-06-27,Active
A001284,C00673,P06,-100940.49,2018-01-24,Active
A001285,C00673,P01,38795.28,2017-11-06,Active
A001286,C00673,P02,85260.91,2021-10-09,Active
A001287,C00674,P01,45797.03,2023-07-24,Dormant
A001288,C00675,P01,34343.1,2023-03-09,Active
A001289,C00676,P01,3176.31,2024-07-19,Active
A001290,C00677,P04,-7911.93,2022-08-19,Active
A001291,C00677,P01,3736.82,2018-03-17,Dormant
A001292,C00678,P01,39257.0,2022-11-06,Active
A001293,C00678,P02,11133.06,2020-12-22,Dormant
A001294,C00679,P03,18433.62,2025-05-03,Active
A001295,C00679,P01,34206.7,2020-04-30,Active
A001296,C00679,P06,-69527.93,2014-04-07,Dormant
A001297,C00680,P03,32529.49,2019-01-07,Active
A001298,C00680,P01,41019.96,2023-03-17,Dormant
A001299,C00680,P05,-82623.66,2024-02-19,Active
A001300,C00681,P03,33139.23,2025-05-25,Closed
A001301,C00681,P01,39904.9,2025-10-18,Active
A001302,C00682,P01,30283.39,2026-09-14,Dormant
A001303,C00683,P01,7663.52,2024-03-01,Active
A001304,C00684,P03,40861.14,2025-03-22,Active
A001305,C00684,P01,46309.66,2026-01-23,Active
A001306,C00685,P01,48710.4,2022-11-05,Dormant
A001307,C00685,P10,-11117.5,2024-04-22,Active
A001308,C00686,P01,24657.13,2023-05-05,Active
A001309,C00687,P01,27874.24,2021-10-20,Active
A001310,C00688,P03,12873.9,2016-02-28,Dormant
A001311,C00688,P01,10663.07,2017-09-21,Active
A001312,C00689,P01,15632.82,2025-05-29,Active
A001313,C00690,P01,22667.11,2024-07-17,Active
A001314,C00691,P03,11537.67,2023-05-06,Active
A001315,C00691,P01,15559.27,2025-09-11,Active
A001316,C00692,P01,33123.06,2020-02-23,Active
A001317,C00693,P01,41728.51,2022-02-04,Active
A001318,C00694,P03,23491.26,2026-05-14,Active
A001319,C00694,P01,51750.12,2026-08-29,Active
A001320,C00694,P10,-13735.78,2026-05-31,Active
A001321,C00695,P01,599.94,2020-12-03,Active
A001322,C00696,P01,10259.31,2017-02-19,Active
A001323,C00696,P10,-4014.44,2018-05-24,Active
A001324,C00697,P01,10712.4,2023-12-04,Active
A001325,C00698,P01,51640.82,2019-10-15,Active
A001326,C00698,P10,-1898.34,2018-03-23,Active
A001327,C00699,P04,-7238.98,2022-10-11,Active
A001328,C00699,P01,18055.84,2022-11-07,Active
A001329,C00700,P01,16288.48,2023-10-12,Active
A001330,C00701,P01,53289.94,2026-10-03,Active
A001331,C00701,P06,-68928.47,2026-11-03,Active
A001332,C00702,P03,12051.67,2019-05-20,Active
A001333,C00702,P01,47487.07,2018-12-15,Active
A001334,C00703,P01,10950.39,2023-11-07,Active
A001335,C00704,P04,-6591.11,2022-11-06,Active
A001336,C00704,P01,21703.51,2019-03-04,Active
A001337,C00704,P05,-244249.48,2021-07-10,Active
A001338,C00705,P01,26438.82,2026-11-30,Active
A001339,C00706,P03,4678.97,2016-10-16,Active
A001340,C00706,P01,45633.57,2020-11-13,Active
A001341,C00707,P03,3554.99,2024-08-08,Active
A001342,C00707,P01,17622.72,2024-11-07,Active
A001343,C00708,P01,21936.3,2026-11-05,Dormant
A001344,C00709,P06,-95468.3,2025-01-28,Active
A001345,C00710,P04,-19150.97,2022-09-03,Active
A001346,C00710,P01,56472.35,2023-09-18,Active
A001347,C00710,P10,-8158.43,2025-11-27,Active
A001348,C00711,P03,12566.82,2025-08-02,Active
A001349,C00711,P01,5554.37,2026-11-14,Active
A001350,C00712,P01,41168.95,2023-06-22,Active
A001351,C00713,P03,11177.41,2021-07-24,Active
A001352,C00713,P01,53008.73,2022-08-10,Active
A001353,C00713,P02,27224.79,2019-11-18,Active
A001354,C00713,P10,-11661.74,2020-02-24,Closed
A001355,C00714,P03,23934.21,2026-03-21,Active
A001356,C00714,P01,59852.9,2026-09-19,Active
A001357,C00714,P11,50900.48,2026-05-24,Active
A001358,C00715,P01,10438.41,2024-06-06,Active
A001359,C00715,P02,98195.77,2026-06-01,Dormant
A001360,C00715,P10,-4226.08,2024-02-26,Active
A001361,C00716,P01,47749.69,2025-11-16,Active
A001362,C00717,P01,24233.28,2021-07-01,Active
A001363,C00718,P01,29565.7,2025-03-25,Active
A001364,C00718,P10,-14456.74,2024-11-25,Active
A001365,C00719,P01,34974.75,2024-03-20,Active
A001366,C00720,P03,41230.79,2022-04-10,Active
A001367,C00720,P05,-207505.72,2020-12-15,Active
A001368,C00720,P01,43543.18,2022-05-20,Active
A001369,C00720,P10,-13556.9,2020-11-22,Active
A001370,C00720,P04,-16498.52,2023-10-22,Dormant
A001371,C00721,P03,15456.96,2025-08-28,Active
A001372,C00721,P01,23140.0,2026-11-06,Active
A001373,C00722,P01,17871.27,2023-09-04,Active
A001374,C00723,P01,590.52,2023-08-31,Active
A001375,C00724,P01,26864.75,2015-05-21,Active
A001376,C00725,P01,17833.88,2026-01-12,Active
A001377,C00726,P01,12752.16,2023-10-28,Active
A001378,C00726,P02,75886.4,2022-04-22,Active
A001379,C00726,P11,10501.64,2022-04-16,Active
A001380,C00727,P04,-20142.6,2023-02-14,Active
A001381,C00727,P01,7565.09,2026-09-02,Active
A001382,C00728,P01,7262.24,2026-05-21,Active
A001383,C00729,P03,7072.96,2026-03-03,Closed
A001384,C00729,P05,-155992.38,2026-03-25,Dormant
A001385,C00729,P01,55732.97,2026-04-24,Closed
A001386,C00729,P10,-11365.03,2026-07-30,Active
A001387,C00729,P02,74594.38,2026-04-12,Active
A001388,C00730,P04,-14450.1,2023-07-20,Dormant
A001389,C00730,P01,17392.0,2024-04-28,Dormant
A001390,C00730,P02,177259.4,2026-11-21,Active
A001391,C00730,P05,-242744.97,2024-10-28,Active
A001392,C00731,P01,23397.06,2022-08-19,Active
A001393,C00731,P02,122906.93,2015-07-27,Active
A001394,C00732,P01,43828.91,2024-06-13,Active
A001395,C00732,P02,125317.35,2026-06-09,Active
A001396,C00733,P01,43336.56,2024-03-07,Dormant
A001397,C00733,P06,-72751.35,2026-05-08,Dormant
A001398,C00734,P01,11773.11,2026-07-06,Active
A001399,C00734,P11,71513.71,2026-01-18,Dormant
A001400,C00735,P01,19143.65,2019-02-03,Dormant
A001401,C00736,P06,-35581.14,2022-02-18,Active
A001402,C00736,P01,19529.53,2023-10-30,Active
A001403,C00736,P02,147125.75,2026-05-13,Active
A001404,C00736,P11,55419.73,2023-07-05,Active
A001405,C00737,P01,54783.45,2026-12-12,Active
A001406,C00737,P02,143457.38,2026-09-28,Dormant
A001407,C00738,P03,34940.59,2026-03-30,Dormant
A001408,C00738,P01,7156.3,2024-03-06,Active
A001409,C00739,P01,36787.25,2026-02-08,Active
A001410,C00740,P03,40704.61,2024-06-07,Active
A001411,C00740,P01,24603.31,2023-08-21,Closed
A001412,C00740,P10,-3352.2,2023-05-11,Active
A001413,C00741,P01,2276.81,2025-02-11,Active
A001414,C00742,P01,52578.14,2013-06-03,Active
A001415,C00743,P01,45293.92,2019-09-30,Active
A001416,C00743,P02,41834.69,2019-02-09,Active
A001417,C00744,P06,-82175.27,2022-01-17,Active
A001418,C00744,P01,10486.94,2025-04-27,Active
A001419,C00744,P02,48589.51,2019-10-15,Active
A001420,C00745,P01,61903.75,2019-03-19,Active
A001421,C00745,P10,-12483.9,2023-09-23,Active
A001422,C00746,P01,29104.33,2025-12-06,Active
A001423,C00747,P02,56643.74,2026-11-05,Dormant
A001424,C00748,P03,18045.48,2026-05-15,Active
A001425,C00748,P01,35325.94,2024-09-08,Active
A001426,C00749,P03,14692.58,2022-09-23,Active
A001427,C00749,P01,7449.79,2025-05-28,Active
A001428,C00750,P03,4201.34,2022-09-24,Active
A001429,C00750,P06,-93842.06,2023-04-16,Active
A001430,C00751,P01,794.6,2023-06-30,Active
A001431,C00751,P10,-2349.26,2018-08-14,Active
A001432,C00752,P01,6226.37,2026-05-31,Active
A001433,C00753,P01,55961.24,2021-10-13,Active
A001434,C00753,P10,-8335.37,2021-01-06,Active
A001435,C00754,P01,21088.88,2026-06-06,Dormant
A001436,C00755,P03,32944.43,2017-11-23,Active
A001437,C00755,P01,16704.5,2016-09-16,Active
A001438,C00756,P03,11093.24,2024-04-18,Active
A001439,C00756,P01,5844.88,2024-03-29,Active
A001440,C00756,P10,-757.45,2026-06-24,Active
A001441,C00757,P01,35450.58,2024-12-31,Active
A001442,C00757,P06,-26043.61,2017-04-15,Active
A001443,C00758,P01,32526.47,2015-07-21,Active
A001444,C00758,P10,-2572.33,2016-04-15,Active
A001445,C00759,P01,30775.53,2024-12-28,Active
A001446,C00760,P04,-10450.62,2018-04-09,Active
A001447,C00760,P01,11046.14,2018-09-26,Active
A001448,C00760,P06,-86768.92,2026-10-31,Active
A001449,C00760,P05,-108769.27,2023-10-31,Active
A001450,C00761,P01,28695.2,2019-05-22,Active
A001451,C00762,P03,3470.5,2014-02-14,Active
A001452,C00762,P01,39889.13,2021-03-24,Active
A001453,C00762,P02,44288.6,2026-02-20,Dormant
A001454,C00763,P01,2145.75,2026-03-04,Active
A001455,C00764,P01,36360.89,2013-09-17,Active
A001456,C00764,P06,-36393.83,2022-09-19,Dormant
A001457,C00764,P05,-244938.01,2014-09-24,Active
A001458,C00765,P03,4233.11,2025-08-08,Active
A001459,C00765,P01,475.6,2026-11-16,Closed
A001460,C00765,P04,-26194.82,2026-02-06,Dormant
A001461,C00766,P01,38187.94,2022-11-24,Active
A001462,C00767,P01,48602.79,2026-11-19,Active
A001463,C00768,P01,38860.71,2026-03-27,Active
A001464,C00768,P06,-43137.12,2025-07-05,Active
A001465,C00768,P05,-241525.49,2025-11-09,Active
A001466,C00769,P03,30231.16,2023-07-08,Dormant
A001467,C00769,P01,14175.16,2021-06-06,Closed
A001468,C00770,P01,23451.94,2024-09-10,Active
A001469,C00771,P03,17413.82,2025-10-22,Active
A001470,C00771,P01,21299.28,2023-08-09,Active
A001471,C00771,P02,9040.23,2024-08-24,Active
A001472,C00772,P01,44606.83,2022-08-19,Active
A001473,C00772,P10,-6220.34,2017-12-23,Active
A001474,C00773,P03,27955.05,2026-07-21,Active
A001475,C00773,P01,47174.92,2026-06-29,Active
A001476,C00774,P01,69484.79,2019-11-04,Active
A001477,C00774,P02,41785.78,2019-03-06,Active
A001478,C00774,P11,6104.19,2024-09-18,Active
A001479,C00775,P01,17023.49,2026-07-18,Active
A001480,C00776,P01,29081.28,2025-01-29,Active
A001481,C00777,P03,11655.08,2026-06-19,Active
A001482,C00777,P01,31993.22,2024-03-22,Active
A001483,C00778,P03,50427.09,2023-09-25,Dormant
A001484,C00778,P01,29524.46,2026-05-24,Active
A001485,C00778,P02,90351.98,2024-09-06,Active
A001486,C00778,P10,-5271.83,2021-12-24,Active
A001487,C00779,P01,13641.06,2023-05-04,Active
A001488,C00779,P02,152756.92,2023-02-17,Active
A001489,C00779,P10,-8085.08,2022-02-28,Active
A001490,C00780,P01,47543.48,2023-03-09,Active
A001491,C00781,P01,18650.03,2023-04-02,Active
A001492,C00781,P06,-73819.47,2025-09-06,Active
A001493,C00782,P04,-16158.17,2026-05-15,Active
A001494,C00782,P01,46640.11,2018-10-23,Active
A001495,C00782,P06,-43154.55,2012-02-15,Closed
A001496,C00783,P01,1123.77,2021-03-04,Active
A001497,C00783,P02,107375.84,2021-08-17,Dormant
A001498,C00783,P11,29340.57,2016-12-19,Dormant
A001499,C00784,P01,45941.45,2021-06-08,Active
A001500,C00784,P06,-20705.26,2024-03-18,Active
A001501,C00785,P01,29092.48,2022-06-24,Active
A001502,C00786,P01,10121.27,2026-08-20,Active
A001503,C00786,P02,78921.75,2026-09-18,Dormant
A001504,C00787,P01,922.02,2015-11-09,Active
A001505,C00788,P03,44054.75,2026-06-26,Active
A001506,C00788,P01,15299.02,2017-09-23,Dormant
A001507,C00788,P02,38509.58,2016-12-22,Active
A001508,C00788,P04,-8650.37,2022-07-18,Closed
A001509,C00789,P01,63024.95,2025-07-02,Active
A001510,C00790,P01,51629.39,2026-01-30,Active
A001511,C00791,P03,52422.13,2018-01-01,Active
A001512,C00791,P01,34272.97,2025-03-17,Closed
A001513,C00791,P10,-12322.78,2023-10-12,Active
A001514,C00791,P04,-21819.13,2025-09-23,Active
A001515,C00792,P01,37546.62,2025-08-25,Active
A001516,C00792,P02,202949.3,2022-08-03,Active
A001517,C00792,P10,-8217.4,2025-03-23,Active
A001518,C00793,P03,50026.71,2021-05-22,Active
A001519,C00793,P01,40228.55,2026-07-31,Active
A001520,C00793,P10,-12689.39,2023-06-09,Active
A001521,C00794,P01,39316.67,2015-04-06,Active
A001522,C00795,P01,8832.02,2022-12-11,Active
A001523,C00796,P04,-13851.12,2025-07-20,Dormant
A001524,C00796,P01,6014.56,2021-09-16,Active
A001525,C00797,P04,-28846.66,2021-05-03,Active
A001526,C00797,P01,44649.1,2022-09-18,Active
A001527,C00798,P01,17409.46,2019-06-30,Active
A001528,C00799,P03,50666.04,2022-01-19,Active
A001529,C00799,P01,21565.0,2022-07-31,Dormant
A001530,C00799,P06,-117431.88,2024-06-06,Active
A001531,C00800,P01,28660.2,2024-03-31,Active
A001532,C00800,P06,-93911.71,2025-03-04,Active
