customer_id,name,gender,age,state,region,segment,income_band,home_branch_id,join_date
C00001,Nadia binti Ibrahim,F,29,Terengganu,East Coast,Affluent,5K-8K,B018,2016-10-24
C00002,Firdaus Lim,M,19,Sabah,East Malaysia,Youth,3K-5K,B003,2016-10-26
C00003,Noraini bin Hassan,F,28,Selangor,Central,Mass,5K-8K,B012,2014-03-15
C00004,Aina Chong,F,41,Sarawak,East Malaysia,Mass,5K-8K,B021,2022-01-08
C00005,Aina bin Abdullah,F,39,Selangor,Central,Affluent,8K-12K,B013,2018-07-20
C00006,Firdaus bin Osman,M,57,Kelantan,East Coast,Mass,5K-8K,B013,2024-09-08
C00007,Aina Lim,F,39,Sabah,East Malaysia,Mass,5K-8K,B018,2024-02-01
C00008,Hana bin Ismail,F,30,Melaka,Southern,Mass,<3K,B009,2012-07-09
C00009,Iqbal a/l Raj,M,29,Putrajaya,Central,Mass Affluent,8K-12K,B022,2026-09-02
C00010,Faizal Lim,M,59,Johor,Southern,Mass,8K-12K,B019,2019-04-20
C00011,Fatimah Lee,F,51,Sabah,East Malaysia,Affluent,12K-20K,B008,2013-09-07
C00012,Fatimah Goh,F,27,Pahang,East Coast,Mass Affluent,5K-8K,B001,2012-05-07
C00013,Zulaikha Lim,F,51,Putrajaya,Central,Affluent,12K-20K,B002,2019-10-24
C00014,Kok Wah Ng,M,46,Pahang,East Coast,Mass,3K-5K,B004,2020-08-08
C00015,Jun Wei Ng,M,46,Sarawak,East Malaysia,Mass,12K-20K,B003,2020-09-13
C00016,Liyana bin Ismail,F,35,Pahang,East Coast,Mass,5K-8K,B008,2013-02-07
C00017,Ali binti Ibrahim,M,49,Kelantan,East Coast,Mass Affluent,8K-12K,B004,2024-11-03
C00018,Siti bin Hassan,F,18,Selangor,Central,Mass Affluent,3K-5K,B017,2022-04-16
C00019,Zulkifli Ng,M,26,Penang,Northern,Mass,5K-8K,B015,2025-11-11
C00020,Ali Goh,M,43,Negeri Sembilan,Southern,Mass,3K-5K,B001,2026-12-23
C00021,Liyana bin Ismail,F,23,Perlis,Northern,Youth,3K-5K,B008,2013-03-09
C00022,Xin Yi Lee,F,30,Putrajaya,Central,Mass,3K-5K,B015,2019-12-23
C00023,Wai Kit binti Ibrahim,M,65,Melaka,Southern,Mass,3K-5K,B009,2014-02-25
C00024,Xin Yi binti Rahman,F,49,Sabah,East Malaysia,Mass,12K-20K,B021,2012-04-03
C00025,Xin Yi Lee,F,71,Melaka,Southern,Senior,<3K,B021,2024-03-15
C00026,Iqbal Wong,M,54,Selangor,Central,Mass,5K-8K,B007,2014-06-22
C00027,Haziq bin Osman,M,67,Penang,Northern,Mass,3K-5K,B012,2014-06-25
C00028,Siti a/p Samy,F,27,Selangor,Central,Mass,<3K,B011,2012-07-19
C00029,Balqis binti Karim,F,61,Pahang,East Coast,Mass,8K-12K,B014,2014-10-21
C00030,Xin Yi binti Karim,F,77,Pahang,East Coast,Mass Affluent,3K-5K,B012,2021-04-26
C00031,Fatimah Goh,F,37,Melaka,Southern,Mass Affluent,8K-12K,B015,2026-05-14
C00032,Sofia Ng,F,18,Putrajaya,Central,Youth,3K-5K,B008,2020-03-27
C00033,Nadia binti Rahman,F,54,Penang,Northern,Mass,8K-12K,B015,2026-09-24
C00034,Aiman binti Rahman,M,31,Selangor,Central,Mass Affluent,5K-8K,B004,2019-11-19
C00035,Kavitha binti Karim,F,38,Melaka,Southern,Mass Affluent,5K-8K,B010,2022-08-23
C00036,Fatimah binti Karim,F,48,Kelantan,East Coast,Mass Affluent,12K-20K,B003,2018-06-20
C00037,Danial binti Yusof,M,39,Kuala Lumpur,Central,Mass Affluent,5K-8K,B011,2020-03-13
C00038,Siti binti Karim,F,41,Putrajaya,Central,Mass,5K-8K,B022,2019-03-28
C00039,Farah Lee,F,43,Negeri Sembilan,Southern,Mass,5K-8K,B010,2013-05-30
C00040,Anjali bin Osman,F,31,Kedah,Northern,Mass Affluent,8K-12K,B019,2025-04-12
C00041,Sofia Wong,F,34,Penang,Northern,Mass Affluent,5K-8K,B010,2015-08-24
C00042,Xin Yi Lim,F,70,Kedah,Northern,Mass,5K-8K,B020,2022-04-04
C00043,Nurul a/p Samy,F,37,Kedah,Northern,Mass,<3K,B024,2026-01-06
C00044,Iqbal Tan,M,54,Putrajaya,Central,Mass,<3K,B006,2013-08-03
C00045,Ali Ng,M,47,Kelantan,East Coast,Mass,<3K,B024,2022-10-26
C00046,Haziq bin Ismail,M,47,Sabah,East Malaysia,Mass,8K-12K,B015,2022-12-20
C00047,Faizal a/p Samy,M,33,Negeri Sembilan,Southern,Affluent,<3K,B013,2021-07-12
C00048,Alya bin Ismail,F,59,Putrajaya,Central,Mass Affluent,12K-20K,B002,2015-08-23
C00049,Mei Ling Goh,F,18,Penang,Northern,Youth,5K-8K,B015,2016-06-03
C00050,Ahmad a/p Samy,M,41,Perak,Northern,Mass,3K-5K,B014,2017-12-27
C00051,Suresh a/l Raj,M,31,Melaka,Southern,Mass,5K-8K,B011,2017-11-25
C00052,Amir bin Hassan,M,25,Putrajaya,Central,Mass,3K-5K,B003,2022-04-12
C00053,Iqbal bin Ismail,M,37,Putrajaya,Central,Mass,3K-5K,B017,2019-07-09
C00054,Danial binti Yusof,M,72,Pahang,East Coast,Senior,5K-8K,B002,2020-03-16
C00055,Nurul Lee,F,35,Kuala Lumpur,Central,Mass,5K-8K,B006,2021-07-13
C00056,Danial bin Abdullah,M,19,Pahang,East Coast,Mass,3K-5K,B022,2025-10-09
C00057,Nadia binti Ibrahim,F,25,Selangor,Central,Youth,3K-5K,B012,2024-12-17
C00058,Aiman Ng,M,71,Perak,Northern,Senior,<3K,B008,2023-12-18
C00059,Wai Kit Tan,M,57,Putrajaya,Central,Mass,3K-5K,B008,2022-08-29
C00060,Farah binti Rahman,F,70,Putrajaya,Central,Mass,<3K,B006,2019-01-29
C00061,Mei Ling Lim,F,59,Terengganu,East Coast,Mass,8K-12K,B006,2019-03-16
C00062,Rizal a/l Muthu,M,39,Penang,Northern,Mass,3K-5K,B022,2026-08-14
C00063,Farah bin Osman,F,42,Perak,Northern,Mass Affluent,<3K,B011,2016-03-18
C00064,Zulaikha Tan,F,47,Negeri Sembilan,Southern,Mass Affluent,5K-8K,B019,2016-10-20
C00065,Sofia bin Osman,F,19,Negeri Sembilan,Southern,Mass Affluent,<3K,B011,2013-09-28
C00066,Aisyah Wong,F,30,Kuala Lumpur,Central,Mass,3K-5K,B004,2019-05-02
C00067,Farah Wong,F,34,Perlis,Northern,Mass Affluent,8K-12K,B009,2026-12-09
C00068,Aiman binti Ibrahim,M,49,Sabah,East Malaysia,Mass,3K-5K,B008,2015-05-21
C00069,Siti Lee,F,76,Putrajaya,Central,Mass Affluent,<3K,B018,2024-08-25
C00070,Mei Ling Tan,F,37,Kuala Lumpur,Central,Mass Affluent,8K-12K,B023,2024-11-02
C00071,Mohd Tan,M,35,Perlis,Northern,Mass,3K-5K,B015,2024-01-28
C00072,Xin Yi bin Hassan,F,33,Sarawak,East Malaysia,Mass,3K-5K,B001,2020-02-28
C00073,Danial binti Karim,M,58,Putrajaya,Central,Mass,8K-12K,B004,2012-08-25
C00074,Mohd Wong,M,22,Perak,Northern,Youth,5K-8K,B023,2014-11-01
C00075,Xin Yi Lim,F,34,Perak,Northern,Affluent,12K-20K,B013,2026-01-04
C00076,Fatimah a/p Samy,F,51,Kelantan,East Coast,Mass Affluent,3K-5K,B021,2012-08-21
C00077,Li Wen Chong,F,24,Kuala Lumpur,Central,Mass,3K-5K,B018,2017-12-24
C00078,Wei Jie Lim,M,53,Sabah,East Malaysia,Mass Affluent,<3K,B016,2020-12-10
C00079,Priya binti Ibrahim,F,49,Penang,Northern,Mass Affluent,12K-20K,B018,2022-09-05
C00080,Nadia Goh,F,18,Putrajaya,Central,Youth,<3K,B024,2018-11-16
C00081,Fatimah Wong,F,20,Sarawak,East Malaysia,Youth,5K-8K,B010,2016-09-11
C00082,Mohd binti Rahman,M,71,Putrajaya,Central,Mass,3K-5K,B005,2017-11-18
C00083,Farah bin Hassan,F,45,Johor,Southern,Mass Affluent,12K-20K,B019,2019-06-02
C00084,Kavitha Ng,F,47,Pahang,East Coast,Mass,3K-5K,B001,2012-11-04
C00085,Xin Yi bin Abdullah,F,35,Johor,Southern,Mass Affluent,5K-8K,B004,2025-12-11
C00086,Wei Jie binti Ibrahim,M,72,Sarawak,East Malaysia,Mass Affluent,>20K,B023,2023-09-10
C00087,Jun Wei bin Hassan,M,35,Kelantan,East Coast,Affluent,5K-8K,B015,2021-02-23
C00088,Fatimah bin Ismail,F,30,Terengganu,East Coast,Mass Affluent,3K-5K,B006,2012-09-07
C00089,Ramesh bin Abdullah,M,78,Penang,Northern,Senior,<3K,B021,2020-03-09
C00090,Danial a/l Raj,M,47,Kedah,Northern,Mass Affluent,3K-5K,B021,2017-02-09
C00091,Siti Ng,F,20,Terengganu,East Coast,Mass,5K-8K,B002,2018-07-20
C00092,Mohd a/l Muthu,M,27,Putrajaya,Central,Mass,5K-8K,B016,2024-03-22
C00093,Alya a/p Samy,F,56,Pahang,East Coast,Mass,3K-5K,B008,2019-01-14
C00094,Jun Wei Ng,M,51,Selangor,Central,Mass,3K-5K,B018,2019-11-20
C00095,Amir Lim,M,30,Kedah,Northern,Mass,<3K,B022,2021-08-04
C00096,Noraini Wong,F,22,Kedah,Northern,Youth,5K-8K,B003,2020-12-25
C00097,Ramesh Lee,M,38,Perak,Northern,Mass,3K-5K,B014,2019-02-14
C00098,Nurul bin Abdullah,F,57,Perak,Northern,Affluent,5K-8K,B007,2024-07-06
C00099,Ahmad a/p Samy,M,25,Selangor,Central,Youth,<3K,B006,2023-08-29
C00100,Hafiz binti Karim,M,56,Melaka,Southern,Mass,3K-5K,B023,2025-01-07
C00101,Wai Kit bin Abdullah,M,37,Selangor,Central,Mass,3K-5K,B016,2018-12-06
C00102,Khairul a/l Raj,M,30,Terengganu,East Coast,Mass,<3K,B012,2020-05-10
C00103,Nadia bin Ismail,F,32,Perlis,Northern,Mass Affluent,<3K,B011,2025-06-03
C00104,Khairul Wong,M,31,Pahang,East Coast,Mass Affluent,3K-5K,B015,2021-02-12
C00105,Mei Ling Lee,F,37,Kuala Lumpur,Central,Mass Affluent,12K-20K,B023,2013-04-16
C00106,Priya bin Abdullah,F,33,Selangor,Central,Mass,3K-5K,B023,2020-10-23
C00107,Kok Wah Tan,M,31,Kedah,Northern,Affluent,8K-12K,B020,2017-02-25
C00108,Xin Yi Goh,F,39,Pahang,East Coast,Affluent,>20K,B023,2024-07-04
C00109,Kavitha binti Rahman,F,62,Pahang,East Coast,Mass,5K-8K,B012,2012-10-02
C00110,Hana a/l Muthu,F,24,Johor,Southern,Mass,8K-12K,B017,2013-05-04
C00111,Aiman Goh,M,58,Perak,Northern,Affluent,12K-20K,B016,2013-02-26
C00112,Rizal Lee,M,32,Perlis,Northern,Mass,8K-12K,B021,2024-05-05
C00113,Wei Jie a/l Muthu,M,70,Pahang,East Coast,Mass Affluent,8K-12K,B017,2014-11-28
C00114,Rizal Lim,M,41,Kuala Lumpur,Central,Mass Affluent,8K-12K,B021,2012-03-31
C00115,Kumar Chong,M,26,Sarawak,East Malaysia,Mass Affluent,12K-20K,B022,2014-04-01
C00116,Kok Wah Lim,M,32,Pahang,East Coast,Affluent,5K-8K,B006,2023-02-01
C00117,Noraini Lee,F,37,Melaka,Southern,Mass Affluent,3K-5K,B012,2017-10-29
C00118,Aina Tan,F,44,Putrajaya,Central,Mass Affluent,8K-12K,B006,2013-10-05
C00119,Danial Ng,M,18,Terengganu,East Coast,Mass,3K-5K,B019,2014-06-25
C00120,Priya a/p Samy,F,21,Selangor,Central,Mass,<3K,B021,2025-04-26
C00121,Firdaus Chong,M,49,Johor,Southern,Mass Affluent,8K-12K,B004,2012-09-30
C00122,Aisyah bin Osman,F,38,Negeri Sembilan,Southern,Affluent,8K-12K,B011,2026-08-22
C00123,Suresh Tan,M,21,Terengganu,East Coast,Youth,<3K,B005,2014-09-06
C00124,Sofia Ng,F,48,Johor,Southern,Mass Affluent,>20K,B022,2018-08-16
C00125,Iqbal Lee,M,33,Penang,Northern,Mass Affluent,<3K,B008,2018-05-13
C00126,Muhammad bin Hassan,M,25,Kelantan,East Coast,Youth,5K-8K,B002,2024-01-03
C00127,Anjali Wong,F,51,Negeri Sembilan,Southern,Mass,<3K,B014,2019-01-02
C00128,Noraini bin Abdullah,F,66,Penang,Northern,Senior,8K-12K,B024,2012-01-04
C00129,Noraini Tan,F,25,Johor,Southern,Youth,<3K,B012,2025-08-19
C00130,Iqbal Chong,M,45,Johor,Southern,Mass Affluent,5K-8K,B006,2024-04-22
C00131,Liyana binti Karim,F,25,Sarawak,East Malaysia,Mass Affluent,<3K,B019,2021-02-28
C00132,Divya Lee,F,54,Johor,Southern,Mass,<3K,B021,2022-01-18
C00133,Suresh a/l Raj,M,26,Kedah,Northern,Mass,5K-8K,B017,2013-11-01
C00134,Jun Wei Chong,M,46,Putrajaya,Central,Mass,5K-8K,B023,2024-08-31
C00135,Hui Fen binti Karim,F,33,Negeri Sembilan,Southern,Mass,<3K,B002,2015-11-23
C00136,Zulaikha Lim,F,28,Kedah,Northern,Affluent,5K-8K,B022,2026-10-27
C00137,Ali binti Yusof,M,26,Putrajaya,Central,Mass,8K-12K,B004,2017-05-01
C00138,Ali binti Karim,M,27,Sabah,East Malaysia,Mass Affluent,8K-12K,B020,2022-12-19
C00139,Wai Kit Wong,M,35,Kedah,Northern,Mass,5K-8K,B019,2024-10-19
C00140,Kok Wah binti Rahman,M,46,Penang,Northern,Mass,<3K,B004,2013-12-26
C00141,Jun Wei Ng,M,20,Perlis,Northern,Youth,<3K,B021,2025-05-31
C00142,Zulaikha binti Ibrahim,F,18,Kedah,Northern,Youth,<3K,B007,2018-03-12
C00143,Sofia Wong,F,67,Perlis,Northern,Affluent,8K-12K,B002,2014-11-10
C00144,Alya bin Hassan,F,40,Putrajaya,Central,Mass,3K-5K,B008,2026-03-24
C00145,Siti a/l Muthu,F,31,Terengganu,East Coast,Mass Affluent,5K-8K,B001,2012-10-18
C00146,Rizal binti Rahman,M,27,Sarawak,East Malaysia,Mass,3K-5K,B012,2016-02-07
C00147,Hana Ng,F,37,Johor,Southern,Affluent,3K-5K,B014,2017-08-24
C00148,Ahmad bin Ismail,M,46,Pahang,East Coast,Mass Affluent,>20K,B012,2026-05-23
C00149,Liyana Ng,F,37,Terengganu,East Coast,Mass,8K-12K,B003,2016-06-23
C00150,Li Wen a/l Raj,F,45,Kedah,Northern,Affluent,12K-20K,B005,2026-12-07
C00151,Kavitha Lee,F,26,Kelantan,East Coast,Mass,8K-12K,B006,2020-10-03
C00152,Balqis bin Hassan,F,48,Penang,Northern,Mass,5K-8K,B020,2015-11-12
C00153,Rizal Lim,M,32,Perak,Northern,Mass,<3K,B012,2018-06-15
C00154,Hana binti Ibrahim,F,18,Negeri Sembilan,Southern,Youth,<3K,B009,2023-07-19
C00155,Firdaus binti Yusof,M,24,Kelantan,East Coast,Youth,<3K,B005,2026-03-20
C00156,Wei Jie a/p Samy,M,26,Kelantan,East Coast,Mass,3K-5K,B019,2013-10-13
C00157,Xin Yi a/l Muthu,F,19,Selangor,Central,Mass,<3K,B020,2023-09-03
C00158,Khairul a/l Raj,M,58,Kelantan,East Coast,Mass,3K-5K,B013,2019-01-23
C00159,Nurul bin Osman,F,45,Perlis,Northern,Mass,5K-8K,B003,2026-06-01
C00160,Liyana bin Hassan,F,27,Selangor,Central,Mass Affluent,5K-8K,B004,2022-08-17
C00161,Noraini Wong,F,69,Putrajaya,Central,Mass Affluent,5K-8K,B018,2022-04-10
C00162,Nadia Lee,F,28,Johor,Southern,Mass,3K-5K,B023,2024-07-20
C00163,Farah Lee,F,36,Penang,Northern,Mass Affluent,8K-12K,B002,2021-06-05
C00164,Hana Goh,F,56,Kuala Lumpur,Central,Mass,<3K,B009,2023-06-13
C00165,Khairul Lim,M,37,Penang,Northern,Mass,8K-12K,B023,2021-04-23
C00166,Nurul a/l Raj,F,23,Putrajaya,Central,Mass,3K-5K,B006,2024-04-06
C00167,Arun bin Hassan,M,56,Perak,Northern,Mass,5K-8K,B023,2024-04-01
C00168,Wan a/l Muthu,F,45,Terengganu,East Coast,Mass Affluent,3K-5K,B001,2019-08-01
C00169,Wan a/l Raj,F,66,Johor,Southern,Mass,3K-5K,B007,2021-08-19
C00170,Sofia a/l Muthu,F,60,Selangor,Central,Mass Affluent,8K-12K,B011,2026-09-13
C00171,Ahmad binti Yusof,M,51,Putrajaya,Central,Mass,3K-5K,B015,2017-11-12
C00172,Amir bin Ismail,M,28,Negeri Sembilan,Southern,Mass,<3K,B012,2021-02-24
C00173,Sofia Ng,F,36,Sabah,East Malaysia,Affluent,12K-20K,B011,2016-03-27
C00174,Nurul binti Karim,F,18,Kedah,Northern,Youth,<3K,B013,2019-07-03
C00175,Suresh Wong,M,71,Pahang,East Coast,Mass Affluent,<3K,B008,2025-01-04
C00176,Balqis Goh,F,32,Perak,Northern,Mass,<3K,B002,2019-05-02
C00177,Sofia bin Ismail,F,28,Putrajaya,Central,Mass,8K-12K,B010,2014-12-14
C00178,Jun Wei Goh,M,57,Melaka,Southern,Mass Affluent,5K-8K,B004,2022-04-17
C00179,Syafiq a/l Muthu,M,34,Kelantan,East Coast,Mass,<3K,B003,2026-12-08
C00180,Fatimah bin Ismail,F,26,Pahang,East Coast,Mass Affluent,3K-5K,B018,2018-05-12
C00181,Ali a/p Samy,M,18,Johor,Southern,Youth,>20K,B013,2012-11-08
C00182,Damia Lee,F,34,Sabah,East Malaysia,Mass,3K-5K,B013,2014-12-11
C00183,Xin Yi binti Yusof,F,28,Putrajaya,Central,Mass Affluent,5K-8K,B007,2021-03-23
C00184,Li Wen a/l Raj,F,53,Kelantan,East Coast,Mass,5K-8K,B023,2026-02-10
C00185,Jun Wei Tan,M,39,Penang,Northern,Mass Affluent,>20K,B001,2020-06-22
C00186,Wan a/p Samy,F,38,Johor,Southern,Mass Affluent,5K-8K,B001,2016-02-18
C00187,Hana bin Ismail,F,29,Terengganu,East Coast,Mass,5K-8K,B001,2019-03-12
C00188,Liyana binti Karim,F,27,Penang,Northern,Mass Affluent,5K-8K,B022,2016-09-12
C00189,Wan Wong,F,59,Kuala Lumpur,Central,Mass Affluent,3K-5K,B001,2013-10-29
C00190,Siti binti Yusof,F,59,Selangor,Central,Mass Affluent,12K-20K,B012,2026-04-17
C00191,Noraini binti Rahman,F,20,Putrajaya,Central,Youth,3K-5K,B007,2015-08-01
C00192,Nurul Lee,F,25,Kuala Lumpur,Central,Youth,3K-5K,B022,2015-10-01
C00193,Muhammad bin Hassan,M,48,Sarawak,East Malaysia,Mass,3K-5K,B009,2026-01-19
C00194,Li Wen bin Abdullah,F,34,Putrajaya,Central,Mass,8K-12K,B011,2021-01-12
C00195,Anjali bin Hassan,F,42,Pahang,East Coast,Mass Affluent,5K-8K,B004,2024-12-09
C00196,Balqis Wong,F,73,Pahang,East Coast,Senior,<3K,B001,2017-03-17
C00197,Ramesh binti Yusof,M,78,Terengganu,East Coast,Senior,5K-8K,B011,2021-12-20
C00198,Kumar binti Karim,M,32,Terengganu,East Coast,Mass,<3K,B004,2016-09-18
C00199,Zulkifli Tan,M,34,Melaka,Southern,Mass,5K-8K,B002,2023-12-20
C00200,Farah binti Karim,F,57,Pahang,East Coast,Mass Affluent,5K-8K,B017,2015-12-26
C00201,Priya a/l Muthu,F,62,Kelantan,East Coast,Senior,<3K,B011,2026-01-14
C00202,Haziq Goh,M,39,Pahang,East Coast,Mass,3K-5K,B008,2016-12-03
C00203,Kumar binti Ibrahim,M,63,Putrajaya,Central,Affluent,3K-5K,B003,2019-11-07
C00204,Sofia Ng,F,24,Melaka,Southern,Youth,8K-12K,B010,2016-11-28
C00205,Damia binti Rahman,F,33,Kelantan,East Coast,Mass Affluent,5K-8K,B002,2026-05-16
C00206,Ahmad binti Rahman,M,19,Sarawak,East Malaysia,Mass,5K-8K,B011,2024-06-12
C00207,Siti Wong,F,25,Sarawak,East Malaysia,Youth,3K-5K,B006,2012-12-03
C00208,Aina binti Yusof,F,63,Putrajaya,Central,Senior,3K-5K,B013,2017-10-29
C00209,Noraini Wong,F,31,Selangor,Central,Mass Affluent,8K-12K,B019,2012-11-26
C00210,Damia Tan,F,35,Putrajaya,Central,Mass,8K-12K,B006,2026-04-05
C00211,Zulkifli binti Yusof,M,45,Selangor,Central,Mass,3K-5K,B019,2020-11-19
C00212,Zulaikha bin Abdullah,F,30,Kuala Lumpur,Central,Mass,3K-5K,B024,2025-10-25
C00213,Divya binti Ibrahim,F,34,Putrajaya,Central,Mass,3K-5K,B007,2013-08-29
C00214,Zulkifli bin Ismail,M,40,Kedah,Northern,Mass Affluent,12K-20K,B016,2024-09-20
C00215,Khairul bin Osman,M,34,Selangor,Central,Mass,3K-5K,B016,2025-08-30
C00216,Hafiz bin Hassan,M,28,Terengganu,East Coast,Mass Affluent,3K-5K,B022,2021-05-10
C00217,Mohd bin Hassan,M,53,Melaka,Southern,Affluent,12K-20K,B002,2022-03-02
C00218,Fatimah Tan,F,58,Pahang,East Coast,Affluent,5K-8K,B014,2024-01-11
C00219,Muhammad bin Abdullah,M,34,Pahang,East Coast,Mass Affluent,5K-8K,B017,2015-07-29
C00220,Aisyah a/l Muthu,F,43,Kedah,Northern,Mass,<3K,B009,2013-06-14
C00221,Kok Wah Chong,M,33,Pahang,East Coast,Mass,3K-5K,B016,2026-07-21
C00222,Wan Goh,F,42,Melaka,Southern,Mass Affluent,8K-12K,B013,2023-12-02
C00223,Alya bin Abdullah,F,61,Kedah,Northern,Senior,8K-12K,B006,2023-01-26
C00224,Ramesh a/l Raj,M,19,Kedah,Northern,Youth,5K-8K,B006,2019-11-03
C00225,Iqbal Lee,M,31,Selangor,Central,Mass,8K-12K,B003,2016-09-06
C00226,Jun Wei a/l Muthu,M,77,Perlis,Northern,Affluent,3K-5K,B018,2026-04-02
C00227,Hafiz a/l Muthu,M,43,Sarawak,East Malaysia,Affluent,>20K,B007,2018-11-18
C00228,Damia Lim,F,60,Sabah,East Malaysia,Mass,3K-5K,B004,2023-07-24
C00229,Priya Ng,F,32,Putrajaya,Central,Mass,<3K,B010,2020-05-12
C00230,Arun bin Osman,M,48,Putrajaya,Central,Mass,3K-5K,B001,2020-12-31
C00231,Muhammad bin Ismail,M,51,Sabah,East Malaysia,Mass,5K-8K,B001,2016-11-05
C00232,Aina bin Ismail,F,24,Pahang,East Coast,Mass Affluent,<3K,B021,2023-01-04
C00233,Anjali Tan,F,39,Negeri Sembilan,Southern,Mass,3K-5K,B003,2024-11-30
C00234,Hui Fen Tan,F,78,Terengganu,East Coast,Mass Affluent,>20K,B004,2019-02-19
C00235,Mohd binti Karim,M,44,Penang,Northern,Mass,5K-8K,B016,2019-03-23
C00236,Kok Wah bin Abdullah,M,41,Johor,Southern,Mass,8K-12K,B013,2024-05-07
C00237,Zulaikha Lee,F,42,Kelantan,East Coast,Mass,8K-12K,B005,2024-11-26
C00238,Anjali binti Yusof,F,25,Terengganu,East Coast,Youth,3K-5K,B006,2018-12-30
C00239,Alya bin Osman,F,18,Melaka,Southern,Youth,8K-12K,B010,2014-03-05
C00240,Amir bin Abdullah,M,43,Putrajaya,Central,Mass,<3K,B001,2013-12-13
C00241,Haziq a/l Raj,M,37,Terengganu,East Coast,Affluent,>20K,B006,2024-02-18
C00242,Nurul bin Ismail,F,28,Perlis,Northern,Affluent,12K-20K,B008,2013-11-30
C00243,Priya Ng,F,36,Sarawak,East Malaysia,Affluent,5K-8K,B014,2014-02-23
C00244,Amir Goh,M,34,Kelantan,East Coast,Mass,3K-5K,B023,2025-02-22
C00245,Priya binti Ibrahim,F,38,Negeri Sembilan,Southern,Mass,3K-5K,B005,2026-02-23
C00246,Suresh a/p Samy,M,69,Pahang,East Coast,Mass Affluent,3K-5K,B022,2017-02-28
C00247,Ramesh Lee,M,45,Sarawak,East Malaysia,Mass Affluent,5K-8K,B007,2022-11-20
C00248,Haziq binti Ibrahim,M,59,Terengganu,East Coast,Mass,3K-5K,B003,2026-08-22
C00249,Damia Tan,F,28,Penang,Northern,Affluent,12K-20K,B022,2023-06-13
C00250,Noraini binti Ibrahim,F,21,Kuala Lumpur,Central,Mass,<3K,B020,2019-01-06
C00251,Nadia Ng,F,72,Terengganu,East Coast,Mass Affluent,<3K,B014,2016-10-13
C00252,Damia Chong,F,39,Negeri Sembilan,Southern,Mass,3K-5K,B009,2021-04-29
C00253,Hafiz Chong,M,74,Sarawak,East Malaysia,Affluent,5K-8K,B013,2024-09-02
C00254,Fatimah bin Hassan,F,47,Melaka,Southern,Mass Affluent,5K-8K,B014,2016-12-11
C00255,Siti Tan,F,25,Perak,Northern,Youth,<3K,B010,2019-06-16
C00256,Nadia a/l Muthu,F,23,Pahang,East Coast,Mass Affluent,<3K,B003,2019-07-12
C00257,Syafiq binti Rahman,M,30,Johor,Southern,Mass Affluent,<3K,B008,2024-06-11
C00258,Siti Ng,F,42,Sarawak,East Malaysia,Mass,<3K,B006,2020-11-01
C00259,Danial Lim,M,37,Kedah,Northern,Mass,8K-12K,B006,2021-08-02
C00260,Nadia binti Yusof,F,73,Sabah,East Malaysia,Senior,3K-5K,B017,2014-05-26
C00261,Hafiz a/l Raj,M,30,Perak,Northern,Mass,5K-8K,B022,2020-06-21
C00262,Anjali Lee,F,31,Penang,Northern,Affluent,12K-20K,B019,2024-05-30
C00263,Hana bin Ismail,F,28,Kelantan,East Coast,Mass,<3K,B009,2016-06-15
C00264,Ramesh bin Osman,M,32,Pahang,East Coast,Affluent,12K-20K,B006,2023-06-05
C00265,Nurul Tan,F,40,Kedah,Northern,Affluent,8K-12K,B014,2017-06-27
C00266,Wei Jie binti Yusof,M,39,Perak,Northern,Affluent,12K-20K,B012,2019-05-18
C00267,Mohd bin Ismail,M,44,Kedah,Northern,Affluent,8K-12K,B007,2014-12-12
C00268,Li Wen Tan,F,18,Melaka,Southern,Youth,<3K,B008,2026-09-06
C00269,Li Wen Tan,F,20,Terengganu,East Coast,Youth,3K-5K,B009,2024-06-13
C00270,Syafiq Lee,M,33,Kuala Lumpur,Central,Mass,<3K,B001,2015-11-10
C00271,Firdaus Lee,M,35,Negeri Sembilan,Southern,Mass,3K-5K,B012,2019-04-07
C00272,Khairul Lim,M,21,Johor,Southern,Mass Affluent,5K-8K,B020,2017-07-18
C00273,Hana binti Ibrahim,F,30,Terengganu,East Coast,Mass,3K-5K,B024,2020-05-01
C00274,Hui Fen binti Yusof,F,18,Melaka,Southern,Youth,3K-5K,B020,2020-05-14
C00275,Alya a/l Raj,F,28,Johor,Southern,Mass,5K-8K,B021,2026-10-10
C00276,Damia Lim,F,77,Kelantan,East Coast,Senior,>20K,B015,2026-12-11
C00277,Ali a/l Raj,M,37,Selangor,Central,Mass,5K-8K,B006,2021-12-05
C00278,Aina a/l Raj,F,28,Sarawak,East Malaysia,Mass,3K-5K,B010,2020-05-08
C00279,Noraini binti Yusof,F,52,Kelantan,East Coast,Mass,3K-5K,B021,2022-08-05
C00280,Xin Yi Goh,F,42,Penang,Northern,Mass Affluent,8K-12K,B020,2015-06-29
C00281,Aina Tan,F,28,Penang,Northern,Mass Affluent,12K-20K,B024,2022-01-22
C00282,Damia Lee,F,32,Sarawak,East Malaysia,Affluent,3K-5K,B008,2014-05-16
C00283,Aiman a/l Muthu,M,50,Putrajaya,Central,Mass,5K-8K,B022,2026-10-24
C00284,Hui Fen binti Ibrahim,F,30,Kelantan,East Coast,Mass,3K-5K,B022,2019-11-23
C00285,Nurul Ng,F,37,Perak,Northern,Mass,8K-12K,B016,2017-11-17
C00286,Suresh bin Ismail,M,24,Perak,Northern,Mass,3K-5K,B018,2025-05-28
C00287,Mei Ling Lim,F,30,Negeri Sembilan,Southern,Mass,3K-5K,B010,2021-02-21
C00288,Wei Jie Wong,M,74,Sarawak,East Malaysia,Senior,5K-8K,B017,2026-07-26
C00289,Wan a/l Muthu,F,29,Kelantan,East Coast,Mass,3K-5K,B014,2025-12-23
C00290,Li Wen Wong,F,31,Selangor,Central,Mass,<3K,B016,2021-09-12
C00291,Firdaus a/p Samy,M,45,Negeri Sembilan,Southern,Mass Affluent,3K-5K,B009,2022-08-20
C00292,Hui Fen a/l Muthu,F,51,Penang,Northern,Mass,3K-5K,B018,2012-07-03
C00293,Danial Lim,M,35,Terengganu,East Coast,Mass Affluent,5K-8K,B022,2023-09-15
C00294,Xin Yi bin Ismail,F,30,Putrajaya,Central,Mass,3K-5K,B001,2014-11-30
C00295,Suresh a/l Muthu,M,34,Melaka,Southern,Mass,5K-8K,B003,2019-11-19
C00296,Wei Jie binti Rahman,M,35,Pahang,East Coast,Mass,<3K,B009,2024-04-06
C00297,Divya Lee,F,36,Kelantan,East Coast,Affluent,8K-12K,B022,2021-02-27
C00298,Jun Wei bin Ismail,M,44,Perak,Northern,Mass,<3K,B024,2013-04-09
C00299,Rizal bin Osman,M,35,Melaka,Southern,Mass,3K-5K,B014,2020-09-14
C00300,Aisyah binti Ibrahim,F,23,Putrajaya,Central,Mass,<3K,B018,2015-08-26
C00301,Suresh bin Hassan,M,36,Johor,Southern,Mass,8K-12K,B017,2018-03-13
C00302,Amir Wong,M,58,Pahang,East Coast,Mass,8K-12K,B014,2013-03-10
C00303,Aina binti Karim,F,20,Kelantan,East Coast,Mass Affluent,<3K,B019,2021-01-02
C00304,Kumar Wong,M,32,Penang,Northern,Mass Affluent,5K-8K,B012,2024-03-21
C00305,Wai Kit bin Ismail,M,23,Johor,Southern,Mass,<3K,B003,2014-04-07
C00306,Wan bin Abdullah,F,23,Melaka,Southern,Mass,5K-8K,B017,2018-05-31
C00307,Arun binti Ibrahim,M,35,Negeri Sembilan,Southern,Mass Affluent,<3K,B011,2019-11-10
C00308,Danial Chong,M,61,Terengganu,East Coast,Mass Affluent,5K-8K,B001,2022-07-14
C00309,Jun Wei a/p Samy,M,24,Terengganu,East Coast,Youth,3K-5K,B006,2026-02-08
C00310,Haziq binti Rahman,M,34,Sabah,East Malaysia,Mass,5K-8K,B003,2022-10-23
C00311,Muhammad a/l Raj,M,41,Melaka,Southern,Mass Affluent,12K-20K,B017,2019-11-10
C00312,Iqbal a/l Muthu,M,54,Kelantan,East Coast,Mass,5K-8K,B018,2026-06-23
C00313,Faizal bin Osman,M,18,Penang,Northern,Youth,<3K,B020,2026-06-15
C00314,Sofia a/l Muthu,F,34,Johor,Southern,Mass,5K-8K,B012,2014-01-17
C00315,Rizal bin Abdullah,M,18,Penang,Northern,Mass Affluent,<3K,B002,2026-04-08
C00316,Haziq Chong,M,31,Kedah,Northern,Mass,<3K,B002,2012-11-07
C00317,Mohd binti Karim,M,26,Putrajaya,Central,Mass,5K-8K,B004,2015-04-10
C00318,Ahmad a/l Muthu,M,30,Kelantan,East Coast,Affluent,5K-8K,B018,2026-04-26
C00319,Muhammad a/p Samy,M,39,Kelantan,East Coast,Mass,3K-5K,B016,2024-11-08
C00320,Firdaus bin Ismail,M,39,Penang,Northern,Mass Affluent,<3K,B001,2017-10-15
C00321,Wai Kit bin Abdullah,M,34,Negeri Sembilan,Southern,Mass,3K-5K,B005,2020-01-07
C00322,Fatimah binti Karim,F,46,Putrajaya,Central,Mass,3K-5K,B001,2022-02-10
C00323,Arun binti Ibrahim,M,35,Perak,Northern,Mass,3K-5K,B001,2015-08-27
C00324,Farah Ng,F,29,Penang,Northern,Mass Affluent,8K-12K,B018,2022-02-19
C00325,Aiman binti Yusof,M,25,Perak,Northern,Mass,8K-12K,B023,2024-07-09
C00326,Liyana bin Hassan,F,63,Perlis,Northern,Senior,3K-5K,B009,2020-01-09
C00327,Aiman Lee,M,36,Pahang,East Coast,Mass,8K-12K,B001,2017-03-05
C00328,Li Wen a/l Raj,F,29,Melaka,Southern,Mass,<3K,B023,2013-05-03
C00329,Wai Kit bin Hassan,M,33,Pahang,East Coast,Affluent,>20K,B008,2025-08-19
C00330,Amir Chong,M,34,Sarawak,East Malaysia,Mass,3K-5K,B005,2020-11-04
C00331,Farah bin Osman,F,41,Negeri Sembilan,Southern,Affluent,12K-20K,B023,2024-12-07
C00332,Mei Ling binti Rahman,F,44,Kuala Lumpur,Central,Mass,5K-8K,B014,2015-09-04
C00333,Priya Lee,F,39,Perak,Northern,Mass,3K-5K,B002,2022-09-16
C00334,Hui Fen Ng,F,28,Perak,Northern,Mass Affluent,5K-8K,B003,2013-07-07
C00335,Danial bin Abdullah,M,44,Negeri Sembilan,Southern,Mass Affluent,8K-12K,B019,2019-05-21
C00336,Aiman Lee,M,72,Selangor,Central,Senior,<3K,B001,2019-12-28
C00337,Liyana Tan,F,32,Selangor,Central,Mass Affluent,5K-8K,B004,2018-01-28
C00338,Aiman Wong,M,37,Penang,Northern,Mass,3K-5K,B011,2018-08-19
C00339,Siti Chong,F,51,Johor,Southern,Mass,8K-12K,B004,2013-09-07
C00340,Zulkifli binti Ibrahim,M,33,Melaka,Southern,Mass Affluent,12K-20K,B019,2018-06-28
C00341,Wai Kit Wong,M,25,Putrajaya,Central,Mass,8K-12K,B004,2018-12-28
C00342,Ali bin Ismail,M,34,Negeri Sembilan,Southern,Affluent,12K-20K,B010,2012-04-29
C00343,Kumar Chong,M,47,Kelantan,East Coast,Mass,5K-8K,B007,2025-06-30
C00344,Hui Fen binti Ibrahim,F,21,Perlis,Northern,Mass,3K-5K,B017,2018-11-12
C00345,Nadia binti Karim,F,49,Perak,Northern,Mass,8K-12K,B003,2023-06-03
C00346,Faizal binti Karim,M,18,Pahang,East Coast,Mass,3K-5K,B022,2016-04-12
C00347,Danial Chong,M,51,Kedah,Northern,Mass,3K-5K,B010,2019-11-15
C00348,Kumar binti Rahman,M,36,Johor,Southern,Mass,<3K,B016,2023-02-13
C00349,Li Wen binti Rahman,F,69,Negeri Sembilan,Southern,Mass,3K-5K,B001,2012-03-23
C00350,Amir bin Hassan,M,38,Kelantan,East Coast,Affluent,8K-12K,B019,2015-06-20
C00351,Firdaus Lim,M,30,Johor,Southern,Mass,3K-5K,B011,2013-06-28
C00352,Fatimah Lim,F,36,Johor,Southern,Affluent,5K-8K,B006,2020-01-06
C00353,Divya a/l Muthu,F,75,Penang,Northern,Mass,3K-5K,B008,2021-09-30
C00354,Sofia Wong,F,52,Kedah,Northern,Affluent,12K-20K,B016,2016-05-27
C00355,Damia bin Ismail,F,41,Sarawak,East Malaysia,Mass,<3K,B001,2013-03-09
C00356,Ramesh a/l Muthu,M,76,Terengganu,East Coast,Senior,<3K,B012,2021-07-27
C00357,Haziq Goh,M,38,Perlis,Northern,Mass Affluent,8K-12K,B011,2019-10-03
C00358,Wai Kit binti Rahman,M,72,Negeri Sembilan,Southern,Senior,12K-20K,B020,2013-12-04
C00359,Aisyah binti Yusof,F,20,Kedah,Northern,Mass,3K-5K,B012,2016-10-20
C00360,Nurul Lee,F,74,Kelantan,East Coast,Senior,<3K,B017,2026-05-09
C00361,Sofia binti Ibrahim,F,34,Melaka,Southern,Affluent,<3K,B021,2012-07-04
C00362,Hui Fen Wong,F,25,Perak,Northern,Youth,3K-5K,B014,2025-03-10
C00363,Damia binti Karim,F,42,Penang,Northern,Mass Affluent,3K-5K,B021,2022-11-21
C00364,Hana Tan,F,18,Selangor,Central,Youth,<3K,B014,2022-05-03
C00365,Firdaus Lim,M,69,Putrajaya,Central,Mass,3K-5K,B003,2014-01-04
C00366,Syafiq bin Abdullah,M,32,Selangor,Central,Mass Affluent,12K-20K,B016,2024-10-19
C00367,Ramesh a/l Muthu,M,31,Kuala Lumpur,Central,Mass,3K-5K,B018,2021-02-13
C00368,Alya bin Ismail,F,29,Putrajaya,Central,Mass,5K-8K,B001,2015-01-11
C00369,Syafiq binti Rahman,M,26,Pahang,East Coast,Mass,12K-20K,B004,2021-02-27
C00370,Sofia bin Hassan,F,34,Melaka,Southern,Affluent,12K-20K,B003,2016-12-25
C00371,Aiman Chong,M,28,Perak,Northern,Mass,3K-5K,B023,2016-02-25
C00372,Priya Chong,F,39,Melaka,Southern,Mass Affluent,12K-20K,B020,2026-04-15
C00373,Nadia Wong,F,34,Sarawak,East Malaysia,Mass Affluent,<3K,B003,2016-07-13
C00374,Danial Ng,M,31,Johor,Southern,Mass,3K-5K,B008,2017-07-28
C00375,Priya binti Yusof,F,57,Kuala Lumpur,Central,Mass,<3K,B004,2015-08-16
C00376,Rizal binti Ibrahim,M,40,Perlis,Northern,Mass,<3K,B020,2017-11-10
C00377,Mei Ling bin Ismail,F,26,Penang,Northern,Mass Affluent,5K-8K,B008,2026-10-25
C00378,Rizal binti Yusof,M,27,Pahang,East Coast,Mass Affluent,8K-12K,B022,2018-05-31
C00379,Suresh a/p Samy,M,59,Kelantan,East Coast,Mass,<3K,B015,2015-02-16
C00380,Ahmad Tan,M,63,Kuala Lumpur,Central,Mass,<3K,B002,2020-04-27
C00381,Khairul Ng,M,41,Selangor,Central,Mass Affluent,8K-12K,B002,2016-04-10
C00382,Syafiq Ng,M,37,Kuala Lumpur,Central,Mass Affluent,5K-8K,B007,2024-10-27
C00383,Zulaikha Goh,F,25,Perak,Northern,Youth,3K-5K,B017,2026-11-22
C00384,Sofia bin Hassan,F,52,Kedah,Northern,Mass Affluent,<3K,B013,2016-04-04
C00385,Wai Kit binti Karim,M,69,Sabah,East Malaysia,Senior,8K-12K,B006,2019-06-02
C00386,Ramesh bin Hassan,M,49,Sabah,East Malaysia,Mass,8K-12K,B022,2025-05-10
C00387,Fatimah Lim,F,27,Pahang,East Coast,Mass,3K-5K,B007,2019-10-22
C00388,Suresh Ng,M,26,Sarawak,East Malaysia,Mass Affluent,5K-8K,B013,2023-04-13
C00389,Kavitha bin Hassan,F,70,Putrajaya,Central,Senior,<3K,B001,2019-01-05
C00390,Kumar a/p Samy,M,23,Perak,Northern,Youth,3K-5K,B021,2022-04-29
C00391,Aina bin Osman,F,27,Selangor,Central,Mass,3K-5K,B019,2016-10-12
C00392,Divya bin Osman,F,40,Selangor,Central,Mass Affluent,5K-8K,B017,2018-07-15
C00393,Priya binti Rahman,F,28,Penang,Northern,Mass,<3K,B018,2025-04-23
C00394,Farah binti Rahman,F,31,Penang,Northern,Mass,5K-8K,B012,2020-04-28
C00395,Wan binti Ibrahim,F,19,Melaka,Southern,Youth,<3K,B003,2020-08-11
C00396,Liyana a/l Muthu,F,32,Kuala Lumpur,Central,Mass Affluent,3K-5K,B006,2016-07-13
C00397,Haziq binti Ibrahim,M,26,Kuala Lumpur,Central,Affluent,5K-8K,B001,2024-12-01
C00398,Nurul Wong,F,31,Negeri Sembilan,Southern,Mass,5K-8K,B018,2020-08-28
C00399,Nadia Lim,F,30,Terengganu,East Coast,Mass,<3K,B003,2018-02-04
C00400,Arun Lim,M,21,Johor,Southern,Mass,3K-5K,B004,2012-09-27
C00401,Hafiz binti Yusof,M,25,Kedah,Northern,Mass Affluent,8K-12K,B021,2015-04-30
C00402,Suresh binti Rahman,M,18,Johor,Southern,Youth,5K-8K,B020,2012-07-22
C00403,Suresh bin Osman,M,59,Sarawak,East Malaysia,Mass,12K-20K,B024,2018-02-16
C00404,Liyana Goh,F,30,Kuala Lumpur,Central,Affluent,5K-8K,B006,2020-03-20
C00405,Sofia Ng,F,33,Putrajaya,Central,Mass,5K-8K,B007,2025-02-24
C00406,Mohd a/l Muthu,M,36,Pahang,East Coast,Mass,3K-5K,B024,2012-12-16
C00407,Wai Kit binti Karim,M,53,Kuala Lumpur,Central,Mass,3K-5K,B007,2024-01-17
C00408,Iqbal binti Ibrahim,M,38,Kelantan,East Coast,Mass,3K-5K,B018,2019-08-30
C00409,Haziq Chong,M,45,Penang,Northern,Mass,3K-5K,B006,2013-09-16
C00410,Nadia binti Rahman,F,40,Negeri Sembilan,Southern,Mass Affluent,>20K,B002,2016-01-20
C00411,Divya binti Karim,F,35,Kuala Lumpur,Central,Mass,5K-8K,B022,2019-06-01
C00412,Wan Chong,F,28,Sarawak,East Malaysia,Mass,3K-5K,B003,2022-04-12
C00413,Nurul bin Hassan,F,31,Sarawak,East Malaysia,Affluent,12K-20K,B013,2020-02-10
C00414,Hana Goh,F,26,Perlis,Northern,Mass,3K-5K,B019,2012-10-05
C00415,Kumar Ng,M,59,Negeri Sembilan,Southern,Mass Affluent,8K-12K,B023,2017-11-04
C00416,Ramesh Lim,M,34,Johor,Southern,Mass,3K-5K,B012,2017-07-23
C00417,Fatimah a/p Samy,F,42,Johor,Southern,Mass,8K-12K,B007,2020-06-24
C00418,Alya binti Karim,F,56,Johor,Southern,Mass Affluent,5K-8K,B013,2024-11-08
C00419,Liyana binti Karim,F,33,Terengganu,East Coast,Affluent,12K-20K,B005,2016-02-24
C00420,Zulaikha Lim,F,29,Penang,Northern,Mass,3K-5K,B023,2016-03-07
C00421,Wan binti Karim,F,33,Pahang,East Coast,Mass,3K-5K,B002,2016-03-02
C00422,Haziq binti Rahman,M,56,Kuala Lumpur,Central,Affluent,5K-8K,B001,2024-10-01
C00423,Mei Ling binti Rahman,F,33,Perlis,Northern,Mass Affluent,8K-12K,B005,2014-08-19
C00424,Zulkifli binti Ibrahim,M,32,Perlis,Northern,Mass Affluent,3K-5K,B012,2020-09-15
C00425,Danial Tan,M,51,Perak,Northern,Mass,5K-8K,B003,2020-09-26
C00426,Ali binti Rahman,M,62,Sabah,East Malaysia,Senior,<3K,B020,2022-08-14
C00427,Priya binti Yusof,F,38,Sabah,East Malaysia,Mass,<3K,B004,2024-04-12
C00428,Zulaikha binti Ibrahim,F,23,Sabah,East Malaysia,Youth,<3K,B008,2013-01-31
C00429,Hana binti Karim,F,43,Johor,Southern,Mass,8K-12K,B009,2023-02-18
C00430,Xin Yi bin Ismail,F,43,Negeri Sembilan,Southern,Mass Affluent,>20K,B018,2015-05-09
C00431,Nurul Lim,F,31,Johor,Southern,Mass,3K-5K,B017,2025-05-04
C00432,Aisyah bin Ismail,F,40,Kuala Lumpur,Central,Mass Affluent,8K-12K,B008,2018-02-27
C00433,Mohd bin Hassan,M,50,Melaka,Southern,Mass Affluent,3K-5K,B009,2026-06-04
C00434,Zulkifli bin Hassan,M,60,Perak,Northern,Affluent,12K-20K,B008,2025-11-13
C00435,Wan bin Osman,F,32,Pahang,East Coast,Mass Affluent,5K-8K,B016,2012-03-08
C00436,Farah Wong,F,52,Perak,Northern,Mass,8K-12K,B003,2014-01-20
C00437,Farah Chong,F,72,Sarawak,East Malaysia,Affluent,3K-5K,B021,2015-10-20
C00438,Muhammad Lee,M,30,Penang,Northern,Mass Affluent,8K-12K,B004,2024-11-27
C00439,Farah a/l Muthu,F,39,Putrajaya,Central,Mass Affluent,5K-8K,B004,2020-12-20
C00440,Syafiq binti Karim,M,30,Terengganu,East Coast,Affluent,5K-8K,B019,2016-11-20
C00441,Arun a/p Samy,M,42,Negeri Sembilan,Southern,Mass Affluent,5K-8K,B006,2023-03-24
C00442,Amir bin Ismail,M,26,Kelantan,East Coast,Mass,3K-5K,B017,2025-12-25
C00443,Kumar Tan,M,21,Putrajaya,Central,Youth,3K-5K,B014,2014-04-07
C00444,Noraini Goh,F,22,Kelantan,East Coast,Mass,3K-5K,B004,2018-12-07
C00445,Suresh bin Osman,M,46,Sarawak,East Malaysia,Affluent,12K-20K,B006,2015-08-27
C00446,Alya binti Ibrahim,F,26,Negeri Sembilan,Southern,Mass,5K-8K,B005,2021-07-21
C00447,Anjali Goh,F,30,Penang,Northern,Mass,3K-5K,B004,2026-06-28
C00448,Kok Wah binti Ibrahim,M,33,Kedah,Northern,Mass Affluent,5K-8K,B024,2022-03-30
C00449,Nurul a/l Raj,F,76,Sarawak,East Malaysia,Mass,5K-8K,B022,2014-04-10
C00450,Amir binti Rahman,M,29,Sabah,East Malaysia,Mass,5K-8K,B001,2014-08-23
C00451,Hui Fen binti Yusof,F,19,Penang,Northern,Youth,5K-8K,B010,2012-10-10
C00452,Wai Kit bin Osman,M,29,Kelantan,East Coast,Mass,3K-5K,B002,2023-05-09
C00453,Danial bin Hassan,M,43,Perak,Northern,Mass Affluent,>20K,B010,2018-12-12
C00454,Firdaus Ng,M,44,Melaka,Southern,Mass,5K-8K,B014,2024-06-19
C00455,Khairul Chong,M,29,Kedah,Northern,Mass Affluent,5K-8K,B014,2018-04-07
C00456,Kumar binti Ibrahim,M,78,Pahang,East Coast,Mass,3K-5K,B022,2025-07-17
C00457,Priya Ng,F,35,Perlis,Northern,Affluent,12K-20K,B020,2022-03-22
C00458,Fatimah a/p Samy,F,26,Negeri Sembilan,Southern,Mass,<3K,B012,2016-10-26
C00459,Danial Goh,M,18,Sarawak,East Malaysia,Mass Affluent,3K-5K,B001,2014-11-05
C00460,Hana Wong,F,34,Perak,Northern,Affluent,12K-20K,B021,2015-03-29
C00461,Aina Lim,F,26,Selangor,Central,Mass,3K-5K,B018,2023-08-09
C00462,Arun bin Abdullah,M,38,Sarawak,East Malaysia,Mass,3K-5K,B013,2023-05-12
C00463,Wei Jie bin Hassan,M,36,Kedah,Northern,Mass Affluent,5K-8K,B003,2012-02-19
C00464,Aiman Lee,M,29,Kedah,Northern,Mass Affluent,12K-20K,B005,2015-11-16
C00465,Suresh a/l Muthu,M,18,Selangor,Central,Mass,5K-8K,B007,2020-02-27
C00466,Priya bin Hassan,F,44,Negeri Sembilan,Southern,Mass,3K-5K,B024,2019-01-07
C00467,Siti Lee,F,32,Kedah,Northern,Mass,5K-8K,B015,2018-06-12
C00468,Mohd a/p Samy,M,25,Negeri Sembilan,Southern,Youth,3K-5K,B011,2025-12-26
C00469,Aiman Wong,M,48,Putrajaya,Central,Mass,5K-8K,B024,2013-02-22
C00470,Mohd a/l Raj,M,34,Terengganu,East Coast,Mass Affluent,5K-8K,B018,2012-05-18
C00471,Wei Jie a/l Muthu,M,32,Negeri Sembilan,Southern,Affluent,8K-12K,B012,2017-01-09
C00472,Farah Goh,F,28,Melaka,Southern,Mass Affluent,8K-12K,B017,2018-05-07
C00473,Noraini binti Yusof,F,32,Kelantan,East Coast,Mass,5K-8K,B022,2018-05-08
C00474,Noraini a/l Muthu,F,36,Sabah,East Malaysia,Affluent,>20K,B001,2021-08-23
C00475,Balqis bin Abdullah,F,69,Kelantan,East Coast,Mass Affluent,5K-8K,B013,2018-01-06
C00476,Kumar binti Rahman,M,37,Sarawak,East Malaysia,Affluent,8K-12K,B020,2019-08-31
C00477,Aina a/l Raj,F,39,Terengganu,East Coast,Mass,5K-8K,B006,2023-10-23
C00478,Danial binti Yusof,M,24,Kelantan,East Coast,Mass,<3K,B013,2019-03-08
C00479,Nurul a/l Raj,F,42,Selangor,Central,Affluent,8K-12K,B005,2020-09-12
C00480,Noraini bin Ismail,F,37,Kelantan,East Coast,Affluent,12K-20K,B003,2024-03-19
C00481,Anjali binti Ibrahim,F,21,Kedah,Northern,Youth,8K-12K,B009,2022-06-10
C00482,Aiman Ng,M,38,Johor,Southern,Mass,<3K,B009,2025-12-20
C00483,Iqbal Lim,M,73,Putrajaya,Central,Senior,<3K,B024,2021-01-08
C00484,Firdaus Tan,M,56,Kelantan,East Coast,Mass,8K-12K,B014,2022-05-25
C00485,Muhammad Chong,M,46,Johor,Southern,Mass,8K-12K,B002,2012-11-04
C00486,Hana a/p Samy,F,59,Kelantan,East Coast,Affluent,12K-20K,B015,2024-05-03
C00487,Fatimah bin Hassan,F,43,Kedah,Northern,Mass Affluent,5K-8K,B014,2025-07-16
C00488,Xin Yi a/l Muthu,F,24,Pahang,East Coast,Mass,<3K,B024,2013-10-21
C00489,Muhammad Goh,M,23,Kuala Lumpur,Central,Mass,<3K,B014,2024-12-28
C00490,Mohd Wong,M,58,Sabah,East Malaysia,Mass Affluent,8K-12K,B004,2014-11-03
C00491,Hafiz a/l Muthu,M,34,Sarawak,East Malaysia,Mass,<3K,B016,2024-12-27
C00492,Arun Lee,M,46,Putrajaya,Central,Mass,8K-12K,B002,2013-04-25
C00493,Amir bin Osman,M,21,Negeri Sembilan,Southern,Youth,3K-5K,B008,2013-01-31
C00494,Damia bin Abdullah,F,45,Negeri Sembilan,Southern,Mass,<3K,B012,2025-01-02
C00495,Ahmad a/l Raj,M,50,Perak,Northern,Mass,<3K,B022,2013-04-21
C00496,Xin Yi a/p Samy,F,53,Pahang,East Coast,Affluent,12K-20K,B009,2013-04-08
C00497,Ali binti Ibrahim,M,31,Negeri Sembilan,Southern,Mass,<3K,B002,2012-10-01
C00498,Aiman binti Yusof,M,43,Kuala Lumpur,Central,Affluent,12K-20K,B022,2019-07-02
C00499,Firdaus binti Rahman,M,28,Penang,Northern,Affluent,5K-8K,B002,2016-07-14
C00500,Faizal Chong,M,71,Pahang,East Coast,Senior,5K-8K,B008,2020-04-24
C00501,Priya Tan,F,21,Perlis,Northern,Mass,5K-8K,B011,2018-05-31
C00502,Arun Lim,M,24,Terengganu,East Coast,Youth,3K-5K,B001,2015-03-27
C00503,Muhammad a/p Samy,M,53,Kelantan,East Coast,Mass Affluent,8K-12K,B006,2022-12-05
C00504,Wei Jie binti Yusof,M,44,Putrajaya,Central,Mass,8K-12K,B015,2016-09-30
C00505,Aiman binti Rahman,M,38,Negeri Sembilan,Southern,Mass Affluent,<3K,B001,2017-10-18
C00506,Hafiz binti Rahman,M,28,Johor,Southern,Mass,3K-5K,B001,2026-06-17
C00507,Xin Yi binti Yusof,F,32,Terengganu,East Coast,Mass,5K-8K,B018,2014-07-10
C00508,Faizal Tan,M,18,Perlis,Northern,Mass,3K-5K,B024,2012-08-15
C00509,Suresh Wong,M,21,Melaka,Southern,Youth,5K-8K,B001,2019-08-05
C00510,Priya bin Abdullah,F,23,Kelantan,East Coast,Youth,<3K,B011,2024-03-29
C00511,Haziq binti Rahman,M,31,Pahang,East Coast,Mass,3K-5K,B006,2013-03-12
C00512,Aina binti Karim,F,71,Selangor,Central,Senior,12K-20K,B021,2014-02-05
C00513,Aisyah Lim,F,21,Johor,Southern,Mass,<3K,B016,2020-05-21
C00514,Suresh binti Rahman,M,18,Putrajaya,Central,Mass,<3K,B017,2022-09-08
C00515,Suresh Lim,M,69,Putrajaya,Central,Senior,5K-8K,B008,2016-03-15
C00516,Haziq a/l Muthu,M,26,Sarawak,East Malaysia,Mass Affluent,12K-20K,B024,2022-09-19
C00517,Jun Wei bin Hassan,M,53,Putrajaya,Central,Mass Affluent,>20K,B008,2022-06-21
C00518,Nurul Lee,F,31,Perlis,Northern,Mass,3K-5K,B004,2019-07-06
C00519,Kumar Goh,M,34,Melaka,Southern,Affluent,12K-20K,B006,2012-07-14
C00520,Fatimah Wong,F,40,Perlis,Northern,Mass Affluent,3K-5K,B019,2018-04-24
C00521,Faizal a/l Muthu,M,38,Kedah,Northern,Mass,8K-12K,B012,2020-01-05
C00522,Alya binti Rahman,F,58,Melaka,Southern,Mass,3K-5K,B002,2024-02-29
C00523,Faizal Goh,M,18,Negeri Sembilan,Southern,Youth,5K-8K,B007,2020-10-16
C00524,Fatimah binti Rahman,F,32,Kelantan,East Coast,Mass Affluent,<3K,B017,2022-10-03
C00525,Hana Lim,F,30,Negeri Sembilan,Southern,Mass Affluent,3K-5K,B020,2015-04-12
C00526,Faizal bin Osman,M,59,Selangor,Central,Mass,8K-12K,B017,2024-10-20
C00527,Haziq bin Osman,M,30,Putrajaya,Central,Mass,5K-8K,B021,2015-07-17
C00528,Rizal bin Ismail,M,41,Terengganu,East Coast,Mass,<3K,B013,2018-12-17
C00529,Amir Lee,M,40,Negeri Sembilan,Southern,Mass Affluent,8K-12K,B003,2018-01-10
C00530,Ramesh Chong,M,59,Perlis,Northern,Mass Affluent,12K-20K,B008,2012-09-19
C00531,Aisyah bin Hassan,F,30,Sarawak,East Malaysia,Affluent,12K-20K,B003,2017-03-27
C00532,Xin Yi bin Osman,F,26,Kelantan,East Coast,Affluent,3K-5K,B014,2021-09-04
C00533,Liyana Lee,F,43,Kuala Lumpur,Central,Affluent,5K-8K,B015,2012-05-18
C00534,Fatimah binti Karim,F,41,Kelantan,East Coast,Mass Affluent,8K-12K,B017,2026-03-27
C00535,Zulkifli Lee,M,24,Kedah,Northern,Youth,<3K,B001,2026-09-04
C00536,Suresh Tan,M,18,Negeri Sembilan,Southern,Youth,8K-12K,B017,2017-07-19
C00537,Wai Kit a/p Samy,M,30,Sabah,East Malaysia,Mass,5K-8K,B005,2025-05-29
C00538,Balqis binti Karim,F,30,Selangor,Central,Mass Affluent,>20K,B016,2014-05-04
C00539,Liyana a/l Muthu,F,50,Johor,Southern,Mass,5K-8K,B021,2017-06-04
C00540,Farah a/p Samy,F,28,Kuala Lumpur,Central,Mass,<3K,B009,2015-03-31
C00541,Zulaikha binti Karim,F,23,Kedah,Northern,Youth,<3K,B018,2013-07-12
C00542,Farah a/p Samy,F,44,Putrajaya,Central,Mass Affluent,3K-5K,B013,2020-04-02
C00543,Li Wen bin Hassan,F,33,Putrajaya,Central,Mass,12K-20K,B002,2013-12-08
C00544,Mei Ling Lim,F,57,Perlis,Northern,Mass,5K-8K,B008,2019-09-28
C00545,Zulaikha bin Abdullah,F,33,Kelantan,East Coast,Mass Affluent,>20K,B007,2022-10-19
C00546,Amir binti Rahman,M,24,Selangor,Central,Mass,5K-8K,B008,2016-10-29
C00547,Xin Yi binti Rahman,F,20,Johor,Southern,Mass,<3K,B007,2024-08-28
C00548,Suresh bin Hassan,M,35,Putrajaya,Central,Mass,<3K,B019,2019-10-10
C00549,Liyana binti Karim,F,35,Sarawak,East Malaysia,Affluent,3K-5K,B023,2026-07-16
C00550,Suresh binti Ibrahim,M,42,Selangor,Central,Mass Affluent,12K-20K,B024,2018-12-22
C00551,Faizal bin Hassan,M,50,Kelantan,East Coast,Mass,3K-5K,B014,2017-01-26
C00552,Hafiz Lim,M,55,Penang,Northern,Mass Affluent,>20K,B012,2023-04-04
C00553,Balqis bin Abdullah,F,44,Selangor,Central,Mass,3K-5K,B015,2019-08-29
C00554,Kavitha bin Hassan,F,26,Terengganu,East Coast,Mass,3K-5K,B003,2023-12-04
C00555,Anjali Chong,F,67,Melaka,Southern,Mass,3K-5K,B006,2024-01-26
C00556,Wei Jie binti Karim,M,19,Perlis,Northern,Mass Affluent,<3K,B006,2026-12-23
C00557,Mei Ling Wong,F,44,Putrajaya,Central,Mass,5K-8K,B010,2026-06-05
C00558,Mei Ling Tan,F,27,Selangor,Central,Affluent,8K-12K,B007,2019-03-26
C00559,Noraini Tan,F,29,Sabah,East Malaysia,Affluent,12K-20K,B014,2025-06-07
C00560,Divya Wong,F,76,Perlis,Northern,Mass Affluent,8K-12K,B001,2019-07-05
C00561,Khairul Lim,M,43,Terengganu,East Coast,Mass,12K-20K,B013,2022-01-04
C00562,Alya Lim,F,25,Perlis,Northern,Mass,<3K,B010,2014-03-25
C00563,Wai Kit binti Yusof,M,19,Negeri Sembilan,Southern,Youth,5K-8K,B002,2015-08-09
C00564,Kavitha a/p Samy,F,55,Kedah,Northern,Mass Affluent,8K-12K,B002,2020-01-06
C00565,Nurul a/l Raj,F,42,Kedah,Northern,Mass Affluent,8K-12K,B017,2024-09-03
C00566,Li Wen Lee,F,33,Putrajaya,Central,Mass Affluent,8K-12K,B010,2015-09-11
C00567,Noraini bin Osman,F,38,Negeri Sembilan,Southern,Affluent,12K-20K,B007,2013-12-15
C00568,Liyana binti Ibrahim,F,38,Pahang,East Coast,Mass Affluent,<3K,B016,2022-03-29
C00569,Faizal binti Karim,M,43,Negeri Sembilan,Southern,Mass Affluent,5K-8K,B013,2013-04-02
C00570,Amir Lee,M,41,Pahang,East Coast,Mass Affluent,8K-12K,B018,2019-07-10
C00571,Sofia Tan,F,28,Perak,Northern,Mass,5K-8K,B005,2016-02-23
C00572,Hui Fen bin Abdullah,F,31,Penang,Northern,Mass,5K-8K,B015,2014-04-12
C00573,Kavitha bin Ismail,F,20,Terengganu,East Coast,Mass,<3K,B001,2020-04-11
C00574,Wai Kit bin Osman,M,42,Melaka,Southern,Mass,3K-5K,B003,2012-03-09
C00575,Wei Jie a/p Samy,M,37,Perak,Northern,Mass,8K-12K,B018,2023-12-10
C00576,Faizal binti Karim,M,78,Sabah,East Malaysia,Mass Affluent,<3K,B014,2013-03-23
C00577,Hui Fen a/l Muthu,F,33,Sabah,East Malaysia,Mass,3K-5K,B011,2015-09-08
C00578,Haziq bin Osman,M,68,Kelantan,East Coast,Senior,<3K,B013,2021-06-29
C00579,Jun Wei bin Osman,M,31,Kedah,Northern,Mass Affluent,5K-8K,B022,2023-03-01
C00580,Hafiz a/l Raj,M,78,Kuala Lumpur,Central,Senior,<3K,B003,2019-09-03
C00581,Haziq Lee,M,52,Kuala Lumpur,Central,Affluent,12K-20K,B010,2020-01-28
C00582,Amir Ng,M,55,Selangor,Central,Mass Affluent,8K-12K,B013,2016-10-26
C00583,Danial a/l Muthu,M,60,Sarawak,East Malaysia,Mass,3K-5K,B016,2025-07-09
C00584,Suresh a/p Samy,M,43,Perak,Northern,Mass Affluent,<3K,B017,2025-03-10
C00585,Hana Goh,F,30,Pahang,East Coast,Mass Affluent,5K-8K,B011,2016-10-11
C00586,Syafiq bin Osman,M,50,Johor,Southern,Affluent,12K-20K,B015,2026-06-03
C00587,Suresh Wong,M,30,Sabah,East Malaysia,Mass,3K-5K,B005,2020-02-27
C00588,Balqis bin Abdullah,F,20,Kuala Lumpur,Central,Youth,8K-12K,B020,2013-12-17
C00589,Nurul a/l Raj,F,33,Selangor,Central,Mass Affluent,5K-8K,B016,2022-06-02
C00590,Iqbal bin Hassan,M,38,Putrajaya,Central,Mass,3K-5K,B024,2012-09-17
C00591,Rizal binti Ibrahim,M,30,Kelantan,East Coast,Mass,3K-5K,B019,2022-05-07
C00592,Liyana binti Rahman,F,26,Kelantan,East Coast,Mass Affluent,5K-8K,B022,2021-11-05
C00593,Hafiz binti Rahman,M,19,Kelantan,East Coast,Mass Affluent,8K-12K,B006,2024-03-15
C00594,Xin Yi a/p Samy,F,38,Putrajaya,Central,Mass Affluent,5K-8K,B006,2014-10-04
C00595,Suresh Chong,M,46,Kelantan,East Coast,Mass,3K-5K,B019,2020-07-26
C00596,Rizal binti Ibrahim,M,68,Kedah,Northern,Mass Affluent,8K-12K,B024,2017-10-13
C00597,Firdaus Chong,M,46,Melaka,Southern,Mass,3K-5K,B017,2013-04-18
C00598,Khairul a/l Muthu,M,51,Selangor,Central,Mass Affluent,8K-12K,B010,2020-05-11
C00599,Li Wen Lim,F,41,Sabah,East Malaysia,Mass,8K-12K,B006,2017-04-01
C00600,Aina bin Abdullah,F,24,Sarawak,East Malaysia,Youth,3K-5K,B022,2013-12-18
C00601,Noraini Wong,F,23,Selangor,Central,Mass,3K-5K,B015,2018-04-12
C00602,Balqis Lim,F,72,Sarawak,East Malaysia,Senior,<3K,B021,2019-09-17
C00603,Siti Wong,F,53,Perlis,Northern,Mass,8K-12K,B017,2012-01-23
C00604,Fatimah a/p Samy,F,43,Johor,Southern,Affluent,12K-20K,B002,2014-12-11
C00605,Priya bin Hassan,F,28,Negeri Sembilan,Southern,Affluent,8K-12K,B020,2020-06-07
C00606,Hafiz Chong,M,75,Sabah,East Malaysia,Senior,<3K,B009,2021-08-16
C00607,Faizal bin Abdullah,M,59,Kuala Lumpur,Central,Mass,3K-5K,B016,2025-07-06
C00608,Xin Yi Tan,F,50,Pahang,East Coast,Affluent,8K-12K,B017,2013-03-11
C00609,Ali a/l Raj,M,38,Perak,Northern,Mass,3K-5K,B014,2023-06-15
C00610,Ahmad binti Karim,M,18,Selangor,Central,Youth,3K-5K,B016,2019-08-20
C00611,Aiman binti Rahman,M,48,Melaka,Southern,Mass,8K-12K,B016,2013-09-28
C00612,Jun Wei Chong,M,28,Perlis,Northern,Affluent,5K-8K,B003,2015-10-16
C00613,Arun a/l Muthu,M,40,Johor,Southern,Mass Affluent,5K-8K,B001,2021-02-01
C00614,Nurul a/l Raj,F,27,Pahang,East Coast,Mass,<3K,B007,2019-03-30
C00615,Hui Fen binti Yusof,F,37,Penang,Northern,Mass,8K-12K,B012,2022-10-12
C00616,Kok Wah Tan,M,26,Penang,Northern,Mass Affluent,<3K,B005,2022-05-05
C00617,Zulaikha binti Yusof,F,27,Penang,Northern,Mass,5K-8K,B002,2026-01-03
C00618,Danial Wong,M,28,Perlis,Northern,Mass Affluent,3K-5K,B014,2015-12-20
C00619,Aina Ng,F,25,Kuala Lumpur,Central,Youth,3K-5K,B024,2015-04-05
C00620,Alya Goh,F,54,Melaka,Southern,Affluent,5K-8K,B010,2023-08-04
C00621,Kumar a/l Raj,M,76,Penang,Northern,Mass,5K-8K,B005,2015-10-01
C00622,Jun Wei binti Karim,M,33,Penang,Northern,Mass Affluent,5K-8K,B004,2013-02-23
C00623,Jun Wei bin Abdullah,M,43,Pahang,East Coast,Mass,8K-12K,B002,2012-11-02
C00624,Kok Wah bin Hassan,M,68,Kuala Lumpur,Central,Mass Affluent,3K-5K,B011,2024-12-26
C00625,Zulaikha Tan,F,34,Johor,Southern,Mass,5K-8K,B008,2023-11-19
C00626,Kok Wah bin Hassan,M,52,Putrajaya,Central,Mass,3K-5K,B013,2020-12-04
C00627,Aina bin Abdullah,F,63,Sarawak,East Malaysia,Senior,12K-20K,B004,2025-03-03
C00628,Farah binti Ibrahim,F,51,Kedah,Northern,Affluent,12K-20K,B010,2015-01-29
C00629,Wei Jie bin Abdullah,M,44,Pahang,East Coast,Mass,8K-12K,B002,2020-01-12
C00630,Mohd Goh,M,40,Perak,Northern,Mass,<3K,B006,2016-07-19
C00631,Muhammad binti Yusof,M,44,Perlis,Northern,Mass,3K-5K,B024,2012-09-19
C00632,Haziq Lim,M,44,Melaka,Southern,Mass Affluent,8K-12K,B015,2017-11-27
C00633,Aiman Lee,M,31,Selangor,Central,Affluent,8K-12K,B010,2012-05-05
C00634,Ramesh bin Osman,M,29,Kelantan,East Coast,Mass,3K-5K,B005,2018-02-02
C00635,Wei Jie Tan,M,59,Penang,Northern,Mass,8K-12K,B016,2021-02-23
C00636,Zulkifli Chong,M,30,Sabah,East Malaysia,Mass,<3K,B006,2016-04-15
C00637,Farah binti Ibrahim,F,43,Melaka,Southern,Mass,5K-8K,B007,2021-05-20
C00638,Noraini Goh,F,49,Sabah,East Malaysia,Mass,5K-8K,B004,2024-08-28
C00639,Muhammad Lim,M,42,Terengganu,East Coast,Mass,5K-8K,B021,2019-03-25
C00640,Wei Jie bin Hassan,M,68,Penang,Northern,Senior,5K-8K,B021,2018-02-09
C00641,Kumar binti Yusof,M,39,Putrajaya,Central,Mass Affluent,5K-8K,B008,2021-06-16
C00642,Mei Ling Goh,F,36,Penang,Northern,Mass Affluent,5K-8K,B017,2020-06-26
C00643,Mei Ling a/l Raj,F,42,Penang,Northern,Mass Affluent,5K-8K,B009,2017-08-30
C00644,Iqbal a/p Samy,M,38,Kelantan,East Coast,Mass Affluent,5K-8K,B023,2018-05-11
C00645,Damia a/p Samy,F,40,Sarawak,East Malaysia,Mass Affluent,<3K,B006,2026-10-03
C00646,Kumar binti Karim,M,40,Kedah,Northern,Affluent,5K-8K,B021,2020-01-30
C00647,Hui Fen binti Rahman,F,21,Perlis,Northern,Youth,<3K,B011,2026-06-01
C00648,Kumar bin Osman,M,31,Sarawak,East Malaysia,Mass Affluent,3K-5K,B012,2013-02-28
C00649,Wan Goh,F,56,Penang,Northern,Mass,5K-8K,B013,2013-01-21
C00650,Nurul bin Hassan,F,27,Penang,Northern,Affluent,12K-20K,B019,2022-02-09
C00651,Anjali bin Abdullah,F,57,Perlis,Northern,Mass,5K-8K,B014,2025-07-20
C00652,Sofia bin Ismail,F,41,Negeri Sembilan,Southern,Mass,5K-8K,B002,2013-10-19
C00653,Ali Tan,M,35,Johor,Southern,Mass,3K-5K,B007,2013-10-07
C00654,Balqis binti Yusof,F,67,Negeri Sembilan,Southern,Mass,<3K,B001,2024-11-12
C00655,Fatimah a/p Samy,F,39,Negeri Sembilan,Southern,Mass,8K-12K,B003,2023-06-26
C00656,Jun Wei a/l Raj,M,50,Sabah,East Malaysia,Mass,3K-5K,B003,2023-11-05
C00657,Kumar bin Abdullah,M,33,Terengganu,East Coast,Mass,3K-5K,B020,2023-06-06
C00658,Faizal Goh,M,18,Kuala Lumpur,Central,Youth,5K-8K,B009,2013-02-15
C00659,Kok Wah Chong,M,50,Sabah,East Malaysia,Mass,<3K,B015,2023-06-28
C00660,Wei Jie Ng,M,31,Terengganu,East Coast,Mass Affluent,>20K,B005,2023-02-23
C00661,Priya Lee,F,35,Putrajaya,Central,Mass,3K-5K,B003,2015-09-30
C00662,Xin Yi Chong,F,42,Kelantan,East Coast,Mass,8K-12K,B023,2022-04-14
C00663,Rizal binti Ibrahim,M,58,Putrajaya,Central,Mass Affluent,12K-20K,B013,2025-06-26
C00664,Firdaus binti Karim,M,73,Kedah,Northern,Senior,12K-20K,B015,2020-04-30
C00665,Danial binti Yusof,M,52,Terengganu,East Coast,Affluent,12K-20K,B011,2021-04-09
C00666,Khairul binti Yusof,M,28,Kedah,Northern,Mass,3K-5K,B021,2017-04-30
C00667,Divya Goh,F,41,Perak,Northern,Mass,8K-12K,B017,2012-11-03
C00668,Hui Fen Ng,F,32,Terengganu,East Coast,Mass,5K-8K,B005,2023-04-26
C00669,Kumar bin Osman,M,31,Negeri Sembilan,Southern,Mass,8K-12K,B018,2022-03-18
C00670,Kok Wah binti Ibrahim,M,22,Selangor,Central,Youth,5K-8K,B020,2024-04-09
C00671,Balqis Wong,F,45,Selangor,Central,Mass,3K-5K,B001,2025-10-28
C00672,Aisyah bin Ismail,F,31,Melaka,Southern,Mass,8K-12K,B013,2024-01-16
C00673,Xin Yi binti Karim,F,27,Melaka,Southern,Affluent,5K-8K,B020,2017-05-15
C00674,Danial binti Ibrahim,M,22,Kuala Lumpur,Central,Youth,5K-8K,B019,2022-06-02
C00675,Arun a/l Raj,M,55,Putrajaya,Central,Mass Affluent,5K-8K,B021,2023-03-06
C00676,Hui Fen bin Osman,F,24,Johor,Southern,Mass Affluent,<3K,B005,2022-12-13
C00677,Balqis Chong,F,23,Sabah,East Malaysia,Youth,3K-5K,B024,2018-01-02
C00678,Kumar Ng,M,73,Pahang,East Coast,Senior,<3K,B005,2020-02-08
C00679,Aiman binti Yusof,M,29,Kuala Lumpur,Central,Mass,3K-5K,B010,2013-05-07
C00680,Alya Tan,F,44,Melaka,Southern,Affluent,12K-20K,B020,2018-07-09
C00681,Damia binti Yusof,F,42,Pahang,East Coast,Mass,<3K,B007,2023-05-08
C00682,Aisyah Lim,F,34,Kuala Lumpur,Central,Mass,5K-8K,B018,2019-02-27
C00683,Noraini bin Osman,F,51,Perak,Northern,Mass,3K-5K,B024,2022-06-15
C00684,Fatimah Lim,F,18,Perak,Northern,Youth,3K-5K,B002,2024-01-18
C00685,Anjali bin Hassan,F,36,Sabah,East Malaysia,Mass,8K-12K,B015,2020-12-09
C00686,Wan Chong,F,30,Perlis,Northern,Mass,3K-5K,B003,2023-01-21
C00687,Priya Lee,F,57,Sarawak,East Malaysia,Mass Affluent,3K-5K,B024,2020-05-13
C00688,Farah binti Karim,F,22,Sabah,East Malaysia,Mass Affluent,<3K,B014,2013-01-18
C00689,Zulaikha a/p Samy,F,24,Sarawak,East Malaysia,Youth,<3K,B022,2024-07-09
C00690,Damia Chong,F,22,Putrajaya,Central,Youth,3K-5K,B016,2021-09-28
C00691,Aisyah binti Rahman,F,25,Selangor,Central,Youth,3K-5K,B002,2022-08-01
C00692,Jun Wei bin Abdullah,M,71,Selangor,Central,Senior,5K-8K,B001,2012-11-07
C00693,Xin Yi Lim,F,45,Terengganu,East Coast,Mass,3K-5K,B005,2020-12-31
C00694,Divya a/l Muthu,F,41,Perak,Northern,Affluent,>20K,B019,2025-02-10
C00695,Arun Lee,M,51,Perak,Northern,Mass,3K-5K,B005,2018-10-21
C00696,Kavitha a/p Samy,F,51,Sarawak,East Malaysia,Mass,8K-12K,B012,2014-07-28
C00697,Ramesh a/l Muthu,M,25,Melaka,Southern,Mass Affluent,3K-5K,B006,2012-10-29
C00698,Siti Chong,F,37,Sabah,East Malaysia,Mass Affluent,12K-20K,B011,2012-05-21
C00699,Nadia bin Hassan,F,43,Johor,Southern,Mass,3K-5K,B006,2020-02-10
C00700,Wai Kit bin Abdullah,M,69,Pahang,East Coast,Mass,3K-5K,B010,2021-11-10
C00701,Mohd a/l Raj,M,34,Sarawak,East Malaysia,Affluent,5K-8K,B009,2026-08-26
C00702,Divya binti Rahman,F,45,Negeri Sembilan,Southern,Mass Affluent,3K-5K,B015,2012-02-16
C00703,Suresh binti Yusof,M,44,Negeri Sembilan,Southern,Mass Affluent,8K-12K,B012,2016-09-10
C00704,Anjali a/l Raj,F,44,Melaka,Southern,Affluent,12K-20K,B010,2017-05-31
C00705,Rizal Goh,M,56,Johor,Southern,Mass Affluent,5K-8K,B011,2023-02-06
C00706,Kavitha a/l Raj,F,24,Kelantan,East Coast,Youth,3K-5K,B014,2016-04-14
C00707,Suresh a/l Raj,M,53,Perlis,Northern,Affluent,8K-12K,B011,2023-03-02
C00708,Anjali Chong,F,59,Terengganu,East Coast,Mass Affluent,5K-8K,B019,2026-01-06
C00709,Iqbal Chong,M,28,Kuala Lumpur,Central,Mass,<3K,B021,2013-02-09
C00710,Kavitha Lim,F,35,Terengganu,East Coast,Mass,8K-12K,B021,2022-10-11
C00711,Wai Kit a/p Samy,M,53,Terengganu,East Coast,Affluent,<3K,B004,2020-08-30
C00712,Aina binti Rahman,F,43,Kuala Lumpur,Central,Affluent,8K-12K,B021,2023-09-26
C00713,Kok Wah bin Hassan,M,31,Melaka,Southern,Mass,5K-8K,B016,2019-02-18
C00714,Li Wen bin Osman,F,32,Negeri Sembilan,Southern,Mass Affluent,12K-20K,B019,2026-10-19
C00715,Balqis a/l Muthu,F,22,Selangor,Central,Mass,8K-12K,B004,2024-04-05
C00716,Hana a/l Raj,F,42,Pahang,East Coast,Mass,5K-8K,B003,2023-08-17
C00717,Mohd a/p Samy,M,29,Johor,Southern,Affluent,5K-8K,B004,2015-09-07
C00718,Ahmad a/l Raj,M,56,Johor,Southern,Mass,5K-8K,B004,2024-03-26
C00719,Aisyah a/p Samy,F,24,Johor,Southern,Youth,3K-5K,B020,2024-06-21
C00720,Farah binti Rahman,F,41,Pahang,East Coast,Mass Affluent,5K-8K,B019,2020-10-17
C00721,Mohd Ng,M,76,Sarawak,East Malaysia,Senior,<3K,B007,2025-10-09
C00722,Nadia a/p Samy,F,20,Perak,Northern,Youth,<3K,B020,2014-12-04
C00723,Hafiz a/p Samy,M,62,Melaka,Southern,Senior,8K-12K,B017,2023-10-26
C00724,Mohd bin Osman,M,76,Melaka,Southern,Mass,3K-5K,B005,2012-07-31
C00725,Khairul binti Yusof,M,22,Kedah,Northern,Mass,<3K,B021,2025-10-22
C00726,Khairul Lim,M,30,Kedah,Northern,Mass Affluent,>20K,B024,2019-11-22
C00727,Wei Jie binti Karim,M,58,Kelantan,East Coast,Mass,3K-5K,B006,2022-02-24
C00728,Liyana a/l Raj,F,22,Perlis,Northern,Youth,3K-5K,B024,2021-12-26
C00729,Hui Fen Lim,F,43,Sabah,East Malaysia,Mass,8K-12K,B015,2026-03-18
C00730,Anjali bin Ismail,F,33,Pahang,East Coast,Affluent,8K-12K,B018,2020-12-21
C00731,Ali binti Karim,M,61,Sarawak,East Malaysia,Senior,3K-5K,B017,2014-03-05
C00732,Firdaus binti Rahman,M,19,Sabah,East Malaysia,Mass Affluent,3K-5K,B016,2021-03-11
C00733,Jun Wei binti Rahman,M,46,Melaka,Southern,Affluent,5K-8K,B019,2024-09-30
C00734,Ali bin Abdullah,M,59,Penang,Northern,Mass Affluent,12K-20K,B013,2026-02-12
C00735,Noraini Tan,F,37,Selangor,Central,Mass,<3K,B004,2017-03-13
C00736,Kumar bin Hassan,M,42,Kelantan,East Coast,Mass Affluent,12K-20K,B024,2022-01-23
C00737,Zulkifli a/l Muthu,M,72,Penang,Northern,Mass,8K-12K,B014,2025-12-02
C00738,Anjali Tan,F,22,Sabah,East Malaysia,Youth,5K-8K,B011,2024-07-05
C00739,Li Wen Lim,F,31,Terengganu,East Coast,Mass,<3K,B007,2021-02-07
C00740,Muhammad binti Karim,M,41,Kelantan,East Coast,Mass,5K-8K,B019,2021-03-31
C00741,Xin Yi binti Karim,F,25,Terengganu,East Coast,Mass,<3K,B010,2024-01-23
C00742,Priya Lim,F,20,Johor,Southern,Youth,5K-8K,B011,2013-03-01
C00743,Sofia Ng,F,72,Melaka,Southern,Mass Affluent,5K-8K,B014,2017-10-09
C00744,Zulkifli bin Ismail,M,36,Perlis,Northern,Mass,>20K,B002,2019-01-10
C00745,Kumar binti Karim,M,26,Sabah,East Malaysia,Mass Affluent,12K-20K,B003,2013-08-05
C00746,Haziq Lim,M,20,Johor,Southern,Youth,3K-5K,B021,2022-04-26
C00747,Kavitha binti Ibrahim,F,60,Penang,Northern,Mass Affluent,3K-5K,B013,2020-05-22
C00748,Hafiz Chong,M,36,Sarawak,East Malaysia,Mass,3K-5K,B024,2020-05-11
C00749,Xin Yi bin Abdullah,F,26,Selangor,Central,Mass,3K-5K,B006,2021-01-07
C00750,Liyana binti Karim,F,29,Terengganu,East Coast,Mass Affluent,8K-12K,B023,2021-04-06
C00751,Anjali Goh,F,19,Perak,Northern,Mass Affluent,12K-20K,B016,2015-11-05
C00752,Khairul bin Ismail,M,21,Pahang,East Coast,Youth,<3K,B022,2026-12-19
C00753,Aina binti Ibrahim,F,46,Selangor,Central,Mass,8K-12K,B009,2015-04-18
C00754,Khairul bin Abdullah,M,18,Perak,Northern,Youth,<3K,B005,2018-12-11
C00755,Fatimah binti Karim,F,43,Kedah,Northern,Affluent,12K-20K,B019,2014-03-20
C00756,Divya a/l Muthu,F,45,Kelantan,East Coast,Mass,5K-8K,B021,2022-12-03
C00757,Aiman a/p Samy,M,43,Putrajaya,Central,Mass,8K-12K,B014,2017-04-17
C00758,Hafiz Lee,M,59,Sarawak,East Malaysia,Mass,5K-8K,B003,2014-02-18
C00759,Wei Jie Wong,M,21,Sarawak,East Malaysia,Youth,5K-8K,B019,2020-05-12
C00760,Alya Ng,F,50,Selangor,Central,Mass Affluent,8K-12K,B021,2018-01-15
C00761,Muhammad bin Abdullah,M,30,Penang,Northern,Mass,3K-5K,B011,2015-03-16
C00762,Farah bin Abdullah,F,59,Johor,Southern,Mass,8K-12K,B001,2012-03-23
C00763,Hui Fen Lim,F,24,Melaka,Southern,Youth,3K-5K,B006,2018-10-20
C00764,Aina Tan,F,45,Negeri Sembilan,Southern,Mass,5K-8K,B003,2013-01-31
C00765,Iqbal bin Hassan,M,32,Putrajaya,Central,Mass,<3K,B007,2025-09-23
C00766,Faizal Lim,M,35,Kedah,Northern,Mass,5K-8K,B007,2017-07-09
C00767,Khairul Chong,M,27,Penang,Northern,Affluent,8K-12K,B014,2025-03-15
C00768,Farah Tan,F,37,Sarawak,East Malaysia,Affluent,12K-20K,B021,2024-04-28
C00769,Rizal bin Hassan,M,38,Kuala Lumpur,Central,Mass,5K-8K,B015,2014-07-13
C00770,Iqbal bin Abdullah,M,55,Johor,Southern,Mass,3K-5K,B005,2017-08-16
C00771,Rizal binti Ibrahim,M,62,Kuala Lumpur,Central,Mass,3K-5K,B015,2019-01-27
C00772,Zulkifli binti Karim,M,20,Kelantan,East Coast,Youth,5K-8K,B024,2016-11-26
C00773,Alya bin Abdullah,F,27,Kedah,Northern,Mass Affluent,5K-8K,B016,2025-01-21
C00774,Fatimah a/l Raj,F,31,Kuala Lumpur,Central,Mass,12K-20K,B007,2018-03-15
C00775,Kumar binti Karim,M,75,Pahang,East Coast,Mass,<3K,B020,2022-01-02
C00776,Divya a/l Raj,F,37,Selangor,Central,Mass Affluent,5K-8K,B017,2025-09-15
C00777,Wei Jie binti Ibrahim,M,36,Selangor,Central,Mass,3K-5K,B002,2021-04-11
C00778,Kok Wah binti Yusof,M,26,Melaka,Southern,Mass Affluent,5K-8K,B009,2021-08-29
C00779,Liyana Chong,F,60,Terengganu,East Coast,Mass,8K-12K,B001,2022-10-06
C00780,Ali binti Karim,M,32,Negeri Sembilan,Southern,Mass Affluent,5K-8K,B012,2020-03-07
C00781,Fatimah bin Abdullah,F,40,Perlis,Northern,Mass,<3K,B012,2023-07-31
C00782,Priya bin Hassan,F,34,Perak,Northern,Mass,8K-12K,B018,2012-04-17
C00783,Zulaikha Tan,F,39,Kuala Lumpur,Central,Affluent,>20K,B006,2014-08-28
C00784,Divya a/l Muthu,F,33,Selangor,Central,Mass,5K-8K,B022,2016-03-01
C00785,Noraini binti Yusof,F,55,Perlis,Northern,Mass Affluent,3K-5K,B014,2022-07-02
C00786,Farah bin Osman,F,32,Pahang,East Coast,Mass,5K-8K,B024,2026-01-04
C00787,Li Wen bin Hassan,F,19,Sarawak,East Malaysia,Youth,5K-8K,B003,2014-09-07
C00788,Arun Chong,M,44,Penang,Northern,Mass,8K-12K,B012,2015-05-15
C00789,Kumar binti Karim,M,53,Putrajaya,Central,Mass,8K-12K,B018,2012-06-15
C00790,Rizal Wong,M,37,Selangor,Central,Mass,5K-8K,B023,2025-11-30
C00791,Wei Jie bin Ismail,M,35,Sarawak,East Malaysia,Mass,8K-12K,B023,2017-03-10
C00792,Aina Goh,F,27,Kuala Lumpur,Central,Mass,8K-12K,B002,2020-05-17
C00793,Jun Wei binti Yusof,M,43,Pahang,East Coast,Mass,5K-8K,B023,2021-05-16
C00794,Kavitha Tan,F,37,Kelantan,East Coast,Mass Affluent,12K-20K,B020,2014-11-05
C00795,Amir a/l Muthu,M,38,Kedah,Northern,Mass Affluent,5K-8K,B019,2015-10-01
C00796,Li Wen bin Osman,F,27,Kuala Lumpur,Central,Mass,3K-5K,B004,2021-09-04
C00797,Muhammad Lee,M,27,Sarawak,East Malaysia,Mass,3K-5K,B012,2021-07-02
C00798,Zulkifli Ng,M,19,Selangor,Central,Mass,<3K,B011,2018-06-18
C00799,Aisyah Goh,F,30,Terengganu,East Coast,Mass,5K-8K,B009,2019-08-21
C00800,Noraini Ng,F,29,Melaka,Southern,Mass,<3K,B006,2024-10-17
